,Country,Year,Life expectancy ,GDP
0,Afghanistan,2015.0,65.0,584.2592
1,Afghanistan,2014.0,59.9,612.69653
2,Afghanistan,2013.0,59.9,631.745
3,Afghanistan,2012.0,59.5,669.959
4,Afghanistan,2011.0,59.2,63.53723
5,Afghanistan,2010.0,58.8,553.3289
6,Afghanistan,2009.0,58.6,445.8933
7,Afghanistan,2008.0,58.1,373.3611
8,Afghanistan,2007.0,57.5,369.8358
9,Afghanistan,2006.0,57.3,272.56378
10,Afghanistan,2005.0,57.3,25.29413
11,Afghanistan,2004.0,57.0,219.14136
12,Afghanistan,2003.0,56.7,198.72855
13,Afghanistan,2002.0,56.2,187.84595
14,Afghanistan,2001.0,55.3,117.49698
15,Afghanistan,2000.0,54.8,114.56
16,Albania,2015.0,77.8,3954.2278
17,Albania,2014.0,77.5,4575.7637
18,Albania,2013.0,77.2,4414.723
19,Albania,2012.0,76.9,4247.6143
20,Albania,2011.0,76.6,4437.1787
21,Albania,2010.0,76.2,494.35883
22,Albania,2009.0,76.1,4114.1367
23,Albania,2008.0,75.3,437.53964
24,Albania,2007.0,75.9,363.13684
25,Albania,2006.0,74.2,35.1293
26,Albania,2005.0,73.5,279.14294
27,Albania,2004.0,73.0,2416.5881
28,Albania,2003.0,72.8,189.68156
29,Albania,2002.0,73.3,1453.6428
30,Albania,2001.0,73.6,1326.9734
31,Albania,2000.0,72.6,1175.789
32,Algeria,2015.0,75.6,4132.7627
33,Algeria,2014.0,75.4,547.8517
34,Algeria,2013.0,75.3,5471.8667
35,Algeria,2012.0,75.1,5564.8257
36,Algeria,2011.0,74.9,5432.2524
37,Algeria,2010.0,74.7,4463.3945
38,Algeria,2009.0,74.4,3868.8313
39,Algeria,2008.0,74.1,495.25485
40,Algeria,2007.0,73.8,3935.1833
41,Algeria,2006.0,73.4,3464.618
42,Algeria,2005.0,72.9,31.122377
43,Algeria,2004.0,72.3,2598.9824
44,Algeria,2003.0,71.7,294.33557
45,Algeria,2002.0,71.6,1774.3367
46,Algeria,2001.0,71.4,1732.858
47,Algeria,2000.0,71.3,1757.178
48,Angola,2015.0,52.4,3695.7937
49,Angola,2014.0,51.7,479.31223
50,Angola,2013.0,51.1,484.61688
51,Angola,2012.0,56.0,4598.25
52,Angola,2011.0,51.0,4299.129
53,Angola,2010.0,49.6,3529.535
54,Angola,2009.0,49.1,3347.845
55,Angola,2008.0,48.7,3868.5789
56,Angola,2007.0,48.2,2878.8372
57,Angola,2006.0,47.7,262.41516
58,Angola,2005.0,47.4,1443.992
59,Angola,2004.0,47.1,141.86844
60,Angola,2003.0,46.8,779.4684
61,Angola,2002.0,46.5,711.1817
62,Angola,2001.0,45.7,526.16876
63,Angola,2000.0,45.3,555.29694
64,Antigua and Barbuda,2015.0,76.4,13566.954
65,Antigua and Barbuda,2014.0,76.2,12888.297
66,Antigua and Barbuda,2013.0,76.1,12224.864
67,Antigua and Barbuda,2012.0,75.9,12565.442
68,Antigua and Barbuda,2011.0,75.7,11929.35
69,Antigua and Barbuda,2010.0,75.6,12126.876
70,Antigua and Barbuda,2009.0,75.4,1312.4669
71,Antigua and Barbuda,2008.0,75.2,1473.3192
72,Antigua and Barbuda,2007.0,75.0,14252.295
73,Antigua and Barbuda,2006.0,74.8,12724.394
74,Antigua and Barbuda,2005.0,74.6,11371.938
75,Antigua and Barbuda,2004.0,74.4,1352.8374
76,Antigua and Barbuda,2003.0,74.2,9739.825
77,Antigua and Barbuda,2002.0,74.0,9386.717
78,Antigua and Barbuda,2001.0,73.8,9358.154
79,Antigua and Barbuda,2000.0,73.6,9875.162
80,Argentina,2015.0,76.3,13467.124
81,Argentina,2014.0,76.2,12245.257
82,Argentina,2013.0,76.0,12976.637
83,Argentina,2012.0,75.9,12969.771
84,Argentina,2011.0,75.7,12726.983
85,Argentina,2010.0,75.5,1276.265
86,Argentina,2009.0,75.6,8161.3696
87,Argentina,2008.0,75.4,8953.359
88,Argentina,2007.0,74.8,7193.6177
89,Argentina,2006.0,75.2,5878.761
90,Argentina,2005.0,74.9,576.88385
91,Argentina,2004.0,74.7,4251.574
92,Argentina,2003.0,74.1,333.4376
93,Argentina,2002.0,74.1,2579.193
94,Argentina,2001.0,74.0,717.6947
95,Argentina,2000.0,74.1,7669.274
96,Armenia,2015.0,74.8,369.6548
97,Armenia,2014.0,74.6,3994.7124
98,Armenia,2013.0,74.4,3843.5913
99,Armenia,2012.0,74.4,3684.8481
100,Armenia,2011.0,73.9,3526.978
101,Armenia,2010.0,73.5,3218.3816
102,Armenia,2009.0,73.3,2993.8325
103,Armenia,2008.0,73.2,41.26997
104,Armenia,2007.0,73.5,3138.8872
105,Armenia,2006.0,72.9,2158.299
106,Armenia,2005.0,73.0,1643.7584
107,Armenia,2004.0,73.0,1191.9619
108,Armenia,2003.0,72.7,93.16615
109,Armenia,2002.0,72.6,783.2617
110,Armenia,2001.0,72.6,694.4351
111,Armenia,2000.0,72.0,622.74274
112,Australia,2015.0,82.8,56554.387
113,Australia,2014.0,82.7,62214.69
114,Australia,2013.0,82.5,67792.336
115,Australia,2012.0,82.3,67677.63
116,Australia,2011.0,82.0,62245.13
117,Australia,2010.0,81.9,51874.848
118,Australia,2009.0,81.7,42743.0
119,Australia,2008.0,81.3,49664.684
120,Australia,2007.0,81.3,4991.983
121,Australia,2006.0,81.2,36118.285
122,Australia,2005.0,81.0,3416.7148
123,Australia,2004.0,86.0,3472.38
124,Australia,2003.0,83.0,23465.385
125,Australia,2002.0,79.9,281.81763
126,Australia,2001.0,79.9,19517.842
127,Australia,2000.0,79.5,2169.921
128,Austria,2015.0,81.5,43665.945
129,Austria,2014.0,81.4,51322.64
130,Austria,2013.0,81.1,554.71533
131,Austria,2012.0,88.0,48333.574
132,Austria,2011.0,88.0,51126.742
133,Austria,2010.0,84.0,46657.63
134,Austria,2009.0,82.0,47654.188
135,Austria,2008.0,84.0,51386.375
136,Austria,2007.0,81.0,46586.652
137,Austria,2006.0,79.8,443.99362
138,Austria,2005.0,79.4,38242.426
139,Austria,2004.0,79.3,36693.426
140,Austria,2003.0,78.8,3212.9355
141,Austria,2002.0,78.7,26351.375
142,Austria,2001.0,78.6,24489.736
143,Austria,2000.0,78.1,24517.268
144,Azerbaijan,2015.0,72.7,55.31382
145,Azerbaijan,2014.0,72.5,7891.3
146,Azerbaijan,2013.0,72.2,7875.757
147,Azerbaijan,2012.0,71.9,7496.336
148,Azerbaijan,2011.0,71.6,7189.6914
149,Azerbaijan,2010.0,71.1,5842.858
150,Azerbaijan,2009.0,78.0,495.2948
151,Azerbaijan,2008.0,73.0,5574.638
152,Azerbaijan,2007.0,73.0,3851.438
153,Azerbaijan,2006.0,69.2,2473.8577
154,Azerbaijan,2005.0,68.4,1578.424
155,Azerbaijan,2004.0,68.4,145.2163
156,Azerbaijan,2003.0,67.8,883.644
157,Azerbaijan,2002.0,67.8,763.7386
158,Azerbaijan,2001.0,67.5,73.683846
159,Azerbaijan,2000.0,66.6,655.9743
176,Bahrain,2015.0,76.9,22688.879
177,Bahrain,2014.0,76.8,24983.379
178,Bahrain,2013.0,76.7,251.18329
179,Bahrain,2012.0,76.5,23649.367
180,Bahrain,2011.0,76.1,2281.1243
181,Bahrain,2010.0,76.1,2722.139
182,Bahrain,2009.0,76.0,19356.672
183,Bahrain,2008.0,75.8,2367.5654
184,Bahrain,2007.0,75.6,2977.1152
185,Bahrain,2006.0,75.5,1937.9955
186,Bahrain,2005.0,75.3,17959.178
187,Bahrain,2004.0,75.2,15846.477
188,Bahrain,2003.0,75.0,14221.992
189,Bahrain,2002.0,74.9,1312.3346
190,Bahrain,2001.0,74.7,12868.211
191,Bahrain,2000.0,74.5,13636.347
192,Bangladesh,2015.0,71.8,121.15812
193,Bangladesh,2014.0,71.4,184.56543
194,Bangladesh,2013.0,71.0,951.88947
195,Bangladesh,2012.0,77.0,856.34283
196,Bangladesh,2011.0,73.0,835.78937
197,Bangladesh,2010.0,69.9,757.67175
198,Bangladesh,2009.0,69.5,681.12537
199,Bangladesh,2008.0,69.1,615.7775
200,Bangladesh,2007.0,68.6,541.6515
201,Bangladesh,2006.0,68.2,494.51465
202,Bangladesh,2005.0,67.8,484.15546
203,Bangladesh,2004.0,67.3,46.757915
204,Bangladesh,2003.0,66.8,432.7389
205,Bangladesh,2002.0,66.3,4.6135745
206,Bangladesh,2001.0,65.8,42.598114
207,Bangladesh,2000.0,65.3,45.63371
208,Barbados,2015.0,75.5,15557.838
209,Barbados,2014.0,75.4,15359.67
210,Barbados,2013.0,75.2,15472.781
211,Barbados,2012.0,75.1,15384.875
212,Barbados,2011.0,74.9,15534.157
213,Barbados,2010.0,74.7,1595.9124
214,Barbados,2009.0,74.6,16523.324
215,Barbados,2008.0,74.4,1657.3228
216,Barbados,2007.0,74.2,16462.486
217,Barbados,2006.0,74.1,15646.56
218,Barbados,2005.0,73.9,14223.866
219,Barbados,2004.0,73.8,12868.864
220,Barbados,2003.0,73.7,1228.5447
221,Barbados,2002.0,73.5,11675.394
222,Barbados,2001.0,73.4,11513.872
223,Barbados,2000.0,73.3,11568.111
224,Belarus,2015.0,72.3,5949.1167
225,Belarus,2014.0,72.0,8318.43
226,Belarus,2013.0,71.7,7978.8257
227,Belarus,2012.0,71.9,694.2439
228,Belarus,2011.0,72.0,6519.718
229,Belarus,2010.0,73.0,63.38877
230,Belarus,2009.0,70.0,5176.173
231,Belarus,2008.0,70.0,6376.183
232,Belarus,2007.0,69.8,4735.485
233,Belarus,2006.0,68.9,3848.216
234,Belarus,2005.0,68.1,3126.7178
235,Belarus,2004.0,68.2,2378.3394
236,Belarus,2003.0,67.7,1819.5256
237,Belarus,2002.0,67.2,1479.3832
238,Belarus,2001.0,67.7,1244.3732
239,Belarus,2000.0,68.0,1276.2883
240,Belgium,2015.0,81.1,4356.875
241,Belgium,2014.0,89.0,47439.4
242,Belgium,2013.0,87.0,4651.386
243,Belgium,2012.0,83.0,4474.572
244,Belgium,2011.0,83.0,4772.774
245,Belgium,2010.0,80.0,4438.2373
246,Belgium,2009.0,79.8,4488.5615
247,Belgium,2008.0,79.5,48424.59
248,Belgium,2007.0,79.5,4443.8315
249,Belgium,2006.0,79.4,38852.36
250,Belgium,2005.0,78.9,36967.28
251,Belgium,2004.0,78.8,35589.715
252,Belgium,2003.0,78.3,3743.957
253,Belgium,2002.0,78.0,2552.3328
254,Belgium,2001.0,78.0,23121.566
255,Belgium,2000.0,77.6,2327.459
256,Belize,2015.0,71.0,4849.9976
257,Belize,2014.0,70.0,4852.2236
258,Belize,2013.0,69.8,4688.5386
259,Belize,2012.0,69.4,4673.6387
260,Belize,2011.0,69.4,4516.2466
261,Belize,2010.0,69.5,4344.152
262,Belize,2009.0,69.5,4258.7886
263,Belize,2008.0,69.6,447.22797
264,Belize,2007.0,69.6,4324.8765
265,Belize,2006.0,69.4,4187.3784
266,Belize,2005.0,69.0,3933.3323
267,Belize,2004.0,68.7,3831.538
268,Belize,2003.0,68.4,3679.995
269,Belize,2002.0,68.5,3556.5618
270,Belize,2001.0,68.2,3419.2756
271,Belize,2000.0,68.3,3364.4238
272,Benin,2015.0,60.0,783.94794
273,Benin,2014.0,59.7,943.6866
274,Benin,2013.0,59.5,915.26746
275,Benin,2012.0,59.3,837.9551
276,Benin,2011.0,59.1,825.9428
277,Benin,2010.0,58.7,757.696
278,Benin,2009.0,58.4,793.45245
279,Benin,2008.0,57.6,82.15135
280,Benin,2007.0,57.1,76.535416
281,Benin,2006.0,56.8,625.8392
282,Benin,2005.0,56.5,61.799976
283,Benin,2004.0,56.1,583.4935
284,Benin,2003.0,55.8,519.2923
285,Benin,2002.0,55.6,418.69858
286,Benin,2001.0,55.5,378.73654
287,Benin,2000.0,55.4,374.19238
288,Bhutan,2015.0,69.8,2613.6453
289,Bhutan,2014.0,69.4,2522.7969
290,Bhutan,2013.0,69.1,235.88289
291,Bhutan,2012.0,68.7,2422.816
292,Bhutan,2011.0,68.3,2458.4597
293,Bhutan,2010.0,67.9,2178.9214
294,Bhutan,2009.0,67.4,177.2345
295,Bhutan,2008.0,67.0,1795.1814
296,Bhutan,2007.0,66.5,1741.1426
297,Bhutan,2006.0,65.8,1335.4569
298,Bhutan,2005.0,65.0,1247.6139
299,Bhutan,2004.0,64.2,197.45789
300,Bhutan,2003.0,63.3,997.7417
301,Bhutan,2002.0,62.5,885.63824
302,Bhutan,2001.0,61.7,87.93877
303,Bhutan,2000.0,62.0,765.8632
320,Bosnia and Herzegovina,2015.0,77.4,4574.9785
321,Bosnia and Herzegovina,2014.0,77.2,5193.949
322,Bosnia and Herzegovina,2013.0,77.0,535.86554
323,Bosnia and Herzegovina,2012.0,76.8,4716.6733
324,Bosnia and Herzegovina,2011.0,76.9,55.156834
325,Bosnia and Herzegovina,2010.0,76.4,4611.473
326,Bosnia and Herzegovina,2009.0,76.1,4697.8975
327,Bosnia and Herzegovina,2008.0,76.0,575.31665
328,Bosnia and Herzegovina,2007.0,75.4,418.29218
329,Bosnia and Herzegovina,2006.0,75.7,344.3217
330,Bosnia and Herzegovina,2005.0,75.0,2968.4119
331,Bosnia and Herzegovina,2004.0,75.5,265.64267
332,Bosnia and Herzegovina,2003.0,75.2,2214.7322
333,Bosnia and Herzegovina,2002.0,75.4,1761.5376
334,Bosnia and Herzegovina,2001.0,74.9,1524.4122
335,Bosnia and Herzegovina,2000.0,74.6,1461.7552
336,Botswana,2015.0,65.7,6532.651
337,Botswana,2014.0,65.1,7497.762
338,Botswana,2013.0,64.2,77.625786
339,Botswana,2012.0,63.4,729.23145
340,Botswana,2011.0,62.2,7645.215
341,Botswana,2010.0,61.1,6346.1562
342,Botswana,2009.0,59.2,5185.73
343,Botswana,2008.0,57.5,5623.3794
344,Botswana,2007.0,56.9,5714.4795
345,Botswana,2006.0,54.8,5374.5547
346,Botswana,2005.0,51.7,5351.254
347,Botswana,2004.0,48.1,4896.584
348,Botswana,2003.0,46.4,4163.6597
349,Botswana,2002.0,46.0,355.61838
350,Botswana,2001.0,46.7,3128.978
351,Botswana,2000.0,47.8,3349.6882
352,Brazil,2015.0,75.0,8757.262
353,Brazil,2014.0,74.8,1226.6173
354,Brazil,2013.0,74.7,12216.944
355,Brazil,2012.0,74.5,12291.467
356,Brazil,2011.0,74.1,13167.473
357,Brazil,2010.0,73.8,11224.155
358,Brazil,2009.0,73.6,8553.385
359,Brazil,2008.0,73.4,8787.613
360,Brazil,2007.0,73.3,7313.558
361,Brazil,2006.0,73.0,586.146
362,Brazil,2005.0,72.7,477.18274
363,Brazil,2004.0,72.0,3623.4766
364,Brazil,2003.0,71.8,359.5876
365,Brazil,2002.0,71.4,2819.6494
366,Brazil,2001.0,71.0,3146.9517
367,Brazil,2000.0,75.0,3739.1194
368,Brunei Darussalam,2015.0,77.7,3967.895
369,Brunei Darussalam,2014.0,77.6,4159.865
370,Brunei Darussalam,2013.0,77.1,44597.28
371,Brunei Darussalam,2012.0,78.3,47651.26
372,Brunei Darussalam,2011.0,77.4,4717.273
373,Brunei Darussalam,2010.0,76.9,35268.113
374,Brunei Darussalam,2009.0,76.8,27965.475
375,Brunei Darussalam,2008.0,77.2,37951.285
376,Brunei Darussalam,2007.0,76.0,32672.367
377,Brunei Darussalam,2006.0,76.3,398.96692
378,Brunei Darussalam,2005.0,76.2,2612.1335
379,Brunei Darussalam,2004.0,76.4,21896.652
380,Brunei Darussalam,2003.0,76.0,18555.566
381,Brunei Darussalam,2002.0,74.8,16846.22
382,Brunei Darussalam,2001.0,74.7,16468.129
383,Brunei Darussalam,2000.0,74.4,188.44826
384,Bulgaria,2015.0,74.5,6993.4775
385,Bulgaria,2014.0,74.3,7853.335
386,Bulgaria,2013.0,74.1,7674.8657
387,Bulgaria,2012.0,73.9,7378.2554
388,Bulgaria,2011.0,73.7,7813.835
389,Bulgaria,2010.0,73.4,6843.263
390,Bulgaria,2009.0,73.2,6955.988
391,Bulgaria,2008.0,72.9,7296.1226
392,Bulgaria,2007.0,72.6,5932.9
393,Bulgaria,2006.0,72.2,4513.136
394,Bulgaria,2005.0,72.1,3893.69
395,Bulgaria,2004.0,72.2,3381.5784
396,Bulgaria,2003.0,72.0,271.46823
397,Bulgaria,2002.0,71.8,287.53485
398,Bulgaria,2001.0,71.6,1764.9739
399,Bulgaria,2000.0,71.1,169.28586
400,Burkina Faso,2015.0,59.9,615.5922
401,Burkina Faso,2014.0,59.3,75.14641
402,Burkina Faso,2013.0,59.0,699.4528
403,Burkina Faso,2012.0,58.6,673.8227
404,Burkina Faso,2011.0,58.1,666.8428
405,Burkina Faso,2010.0,57.5,575.4465
406,Burkina Faso,2009.0,56.9,552.74554
407,Burkina Faso,2008.0,56.1,569.7613
408,Burkina Faso,2007.0,55.3,475.1112
409,Burkina Faso,2006.0,54.3,422.63324
410,Burkina Faso,2005.0,53.3,46.99887
411,Burkina Faso,2004.0,52.4,371.32385
412,Burkina Faso,2003.0,51.6,332.34436
413,Burkina Faso,2002.0,51.0,26.763542
414,Burkina Faso,2001.0,56.0,235.49123
415,Burkina Faso,2000.0,51.0,226.47598
416,Burundi,2015.0,59.6,33.681225
417,Burundi,2014.0,59.1,312.749
418,Burundi,2013.0,58.6,282.75552
419,Burundi,2012.0,58.0,265.28564
420,Burundi,2011.0,57.4,26.479973
421,Burundi,2010.0,56.8,231.19432
422,Burundi,2009.0,56.2,24.944653
423,Burundi,2008.0,55.3,196.24727
424,Burundi,2007.0,54.8,17.79995
425,Burundi,2006.0,54.1,165.87943
426,Burundi,2005.0,53.4,15.57434
427,Burundi,2004.0,52.6,127.429665
428,Burundi,2003.0,51.9,112.84937
429,Burundi,2002.0,51.5,122.433586
430,Burundi,2001.0,51.3,133.74277
431,Burundi,2000.0,58.0,135.99844
448,Cabo Verde,2015.0,73.3,2954.1194
449,Cabo Verde,2014.0,73.0,3529.6184
450,Cabo Verde,2013.0,72.8,3558.7964
451,Cabo Verde,2012.0,72.7,348.48276
452,Cabo Verde,2011.0,72.6,367.42944
453,Cabo Verde,2010.0,72.5,3312.826
454,Cabo Verde,2009.0,72.4,3444.5566
455,Cabo Verde,2008.0,72.4,3638.9595
456,Cabo Verde,2007.0,72.3,3112.2856
457,Cabo Verde,2006.0,72.1,234.28992
458,Cabo Verde,2005.0,71.8,248.13458
459,Cabo Verde,2004.0,71.4,1976.4586
460,Cabo Verde,2003.0,71.1,1768.9213
461,Cabo Verde,2002.0,77.0,1373.5156
462,Cabo Verde,2001.0,73.0,1268.8845
463,Cabo Verde,2000.0,69.9,1239.3778
464,Cambodia,2015.0,68.7,1163.1898
465,Cambodia,2014.0,68.3,198.68712
466,Cambodia,2013.0,67.8,128.41957
467,Cambodia,2012.0,67.4,95.24413
468,Cambodia,2011.0,67.0,882.49146
469,Cambodia,2010.0,66.6,785.6929
470,Cambodia,2009.0,66.1,738.23267
471,Cambodia,2008.0,65.6,745.7878
472,Cambodia,2007.0,65.0,631.6758
473,Cambodia,2006.0,64.1,539.87915
474,Cambodia,2005.0,62.9,474.22388
475,Cambodia,2004.0,61.5,48.615185
476,Cambodia,2003.0,63.0,362.4214
477,Cambodia,2002.0,59.3,339.67697
478,Cambodia,2001.0,58.5,321.22635
479,Cambodia,2000.0,57.7,3.685949
480,Cameroon,2015.0,57.3,1244.4294
481,Cameroon,2014.0,56.7,1441.1417
482,Cameroon,2013.0,56.4,1365.3442
483,Cameroon,2012.0,55.9,1255.6482
484,Cameroon,2011.0,55.6,1295.6498
485,Cameroon,2010.0,55.3,1182.8693
486,Cameroon,2009.0,54.8,123.19538
487,Cameroon,2008.0,54.2,1233.5243
488,Cameroon,2007.0,53.6,111.71186
489,Cameroon,2006.0,53.3,12.989164
490,Cameroon,2005.0,52.8,952.18726
491,Cameroon,2004.0,52.1,93.211716
492,Cameroon,2003.0,51.8,824.86896
493,Cameroon,2002.0,51.6,676.39764
494,Cameroon,2001.0,51.5,614.6729
495,Cameroon,2000.0,51.4,68.4144
496,Canada,2015.0,82.2,43315.742
497,Canada,2014.0,82.0,544.4338
498,Canada,2013.0,81.8,52413.723
499,Canada,2012.0,81.6,52496.695
500,Canada,2011.0,81.5,5282.218
501,Canada,2010.0,81.2,47447.477
502,Canada,2009.0,81.0,4773.4546
503,Canada,2008.0,87.0,46596.336
504,Canada,2007.0,85.0,44544.527
505,Canada,2006.0,85.0,4386.6997
506,Canada,2005.0,81.0,36189.59
507,Canada,2004.0,80.0,31979.871
508,Canada,2003.0,79.7,28172.148
509,Canada,2002.0,79.5,24167.844
510,Canada,2001.0,79.4,23691.594
511,Canada,2000.0,79.1,24124.17
512,Central African Republic,2015.0,52.5,348.3814
513,Central African Republic,2014.0,58.0,377.13226
514,Central African Republic,2013.0,49.9,337.48495
515,Central African Republic,2012.0,53.0,486.41113
516,Central African Republic,2011.0,49.8,494.3368
517,Central African Republic,2010.0,49.2,446.44345
518,Central African Republic,2009.0,48.6,449.96185
519,Central African Republic,2008.0,47.6,456.86142
520,Central African Republic,2007.0,46.8,397.14847
521,Central African Republic,2006.0,46.3,347.67368
522,Central African Republic,2005.0,45.9,327.11496
523,Central African Republic,2004.0,45.7,313.21597
524,Central African Republic,2003.0,45.7,286.25818
525,Central African Republic,2002.0,45.6,253.76834
526,Central African Republic,2001.0,45.6,243.15865
527,Central African Republic,2000.0,46.0,243.54294
528,Chad,2015.0,53.1,777.2488
529,Chad,2014.0,52.6,125.99851
530,Chad,2013.0,52.2,986.1318
531,Chad,2012.0,51.8,973.4726
532,Chad,2011.0,51.6,989.2364
533,Chad,2010.0,51.2,896.56976
534,Chad,2009.0,57.0,84.45594
535,Chad,2008.0,49.6,929.7724
536,Chad,2007.0,49.4,81.68388
537,Chad,2006.0,48.5,712.18475
538,Chad,2005.0,48.6,66.24214
539,Chad,2004.0,48.5,454.67657
540,Chad,2003.0,48.4,292.59143
541,Chad,2002.0,48.1,22.85482
542,Chad,2001.0,48.0,197.31564
543,Chad,2000.0,47.6,166.23178
544,Chile,2015.0,85.0,13653.227
545,Chile,2014.0,83.0,14817.378
546,Chile,2013.0,81.0,15941.397
547,Chile,2012.0,79.9,15431.93
548,Chile,2011.0,79.8,1475.6924
549,Chile,2010.0,79.1,1286.1776
550,Chile,2009.0,79.3,1243.3282
551,Chile,2008.0,79.6,1781.3668
552,Chile,2007.0,78.9,1526.8774
553,Chile,2006.0,78.9,9484.682
554,Chile,2005.0,78.4,7615.3467
555,Chile,2004.0,78.0,621.8283
556,Chile,2003.0,77.9,4787.6997
557,Chile,2002.0,77.8,4463.546
558,Chile,2001.0,77.3,4595.6665
559,Chile,2000.0,77.3,511.36847
560,China,2015.0,76.1,869.2119
561,China,2014.0,75.8,7683.524
562,China,2013.0,75.6,777.77594
563,China,2012.0,75.4,6337.883
564,China,2011.0,75.2,5633.7964
565,China,2010.0,75.0,456.51248
566,China,2009.0,74.9,3838.4343
567,China,2008.0,74.5,3471.2476
568,China,2007.0,74.4,2695.3662
569,China,2006.0,74.2,299.22968
570,China,2005.0,73.9,1753.4178
571,China,2004.0,73.5,158.66846
572,China,2003.0,73.1,1288.643
573,China,2002.0,72.7,1148.5857
574,China,2001.0,72.2,153.1824
575,China,2000.0,71.7,959.3722
576,Colombia,2015.0,74.8,644.5256
577,Colombia,2014.0,74.6,7913.3833
578,Colombia,2013.0,74.4,83.5863
579,Colombia,2012.0,74.3,7884.9844
580,Colombia,2011.0,74.2,7227.7397
581,Colombia,2010.0,73.6,625.65546
582,Colombia,2009.0,73.6,5148.422
583,Colombia,2008.0,73.5,5433.7246
584,Colombia,2007.0,73.5,4674.2197
585,Colombia,2006.0,73.1,379.78775
586,Colombia,2005.0,73.1,3386.256
587,Colombia,2004.0,72.8,274.24945
588,Colombia,2003.0,72.4,2246.2576
589,Colombia,2002.0,71.8,2355.7258
590,Colombia,2001.0,71.5,2395.8564
591,Colombia,2000.0,71.4,2472.1978
592,Comoros,2015.0,63.5,727.64636
593,Comoros,2014.0,63.2,852.9544
594,Comoros,2013.0,62.9,834.3419
595,Comoros,2012.0,62.5,788.6326
596,Comoros,2011.0,62.2,829.75867
597,Comoros,2010.0,61.8,769.1743
598,Comoros,2009.0,61.3,778.5454
599,Comoros,2008.0,61.0,795.9752
600,Comoros,2007.0,66.0,72.759315
601,Comoros,2006.0,63.0,648.38715
602,Comoros,2005.0,60.0,621.9337
603,Comoros,2004.0,59.8,616.41974
604,Comoros,2003.0,59.6,544.5665
605,Comoros,2002.0,59.5,433.26913
606,Comoros,2001.0,59.5,395.93195
607,Comoros,2000.0,59.5,375.85284
625,Costa Rica,2015.0,79.6,1146.3627
626,Costa Rica,2014.0,79.5,1647.4418
627,Costa Rica,2013.0,79.4,1569.6663
628,Costa Rica,2012.0,79.2,9985.369
629,Costa Rica,2011.0,79.0,9186.597
630,Costa Rica,2010.0,78.1,8199.415
631,Costa Rica,2009.0,79.2,689.39624
632,Costa Rica,2008.0,78.9,6911.136
633,Costa Rica,2007.0,78.9,612.6234
634,Costa Rica,2006.0,78.0,5245.1875
635,Costa Rica,2005.0,78.6,4697.1113
636,Costa Rica,2004.0,77.7,4425.5747
637,Costa Rica,2003.0,78.0,4167.7144
638,Costa Rica,2002.0,78.3,462.14966
639,Costa Rica,2001.0,77.5,3981.5286
640,Costa Rica,2000.0,77.6,388.36368
641,Croatia,2015.0,78.0,11579.667
642,Croatia,2014.0,77.8,13467.469
643,Croatia,2013.0,77.7,13574.749
644,Croatia,2012.0,77.1,13235.978
645,Croatia,2011.0,77.0,14539.185
646,Croatia,2010.0,76.6,1355.7458
647,Croatia,2009.0,76.3,14157.145
648,Croatia,2008.0,76.0,15893.865
649,Croatia,2007.0,75.8,13546.698
650,Croatia,2006.0,75.9,11363.418
651,Croatia,2005.0,75.2,1224.2458
652,Croatia,2004.0,75.4,9365.742
653,Croatia,2003.0,74.7,785.8814
654,Croatia,2002.0,74.8,653.7164
655,Croatia,2001.0,74.9,5245.4214
656,Croatia,2000.0,74.7,4919.629
657,Cuba,2015.0,79.1,762.2612
658,Cuba,2014.0,79.0,75.5199
659,Cuba,2013.0,78.7,676.15344
660,Cuba,2012.0,78.7,6425.941
661,Cuba,2011.0,78.8,675.9244
662,Cuba,2010.0,78.0,5676.1416
663,Cuba,2009.0,78.1,5484.7764
664,Cuba,2008.0,77.9,5376.4478
665,Cuba,2007.0,78.1,5184.494
666,Cuba,2006.0,78.0,4669.6914
667,Cuba,2005.0,77.2,3779.577
668,Cuba,2004.0,77.3,339.71625
669,Cuba,2003.0,77.4,3192.6694
670,Cuba,2002.0,77.7,2994.34
671,Cuba,2001.0,76.7,2832.189
672,Cuba,2000.0,76.9,2741.1155
673,Cyprus,2015.0,85.0,2375.1128
674,Cyprus,2014.0,83.0,2734.8838
675,Cyprus,2013.0,81.0,2797.9673
676,Cyprus,2012.0,80.0,28951.156
677,Cyprus,2011.0,79.7,32233.84
678,Cyprus,2010.0,79.5,3818.4639
679,Cyprus,2009.0,79.3,3215.816
680,Cyprus,2008.0,79.1,3539.7488
681,Cyprus,2007.0,78.9,31386.633
682,Cyprus,2006.0,78.8,27169.992
683,Cyprus,2005.0,78.7,25324.486
684,Cyprus,2004.0,78.6,23932.492
685,Cyprus,2003.0,78.5,2293.479
686,Cyprus,2002.0,78.4,16372.292
687,Cyprus,2001.0,78.2,1562.9243
688,Cyprus,2000.0,78.1,14672.883
737,Denmark,2015.0,86.0,5314.644
738,Denmark,2014.0,84.0,62425.54
739,Denmark,2013.0,81.0,61191.19
740,Denmark,2012.0,80.0,5857.521
741,Denmark,2011.0,79.7,61753.668
742,Denmark,2010.0,79.2,5841.411
743,Denmark,2009.0,78.9,58163.293
744,Denmark,2008.0,78.8,64322.668
745,Denmark,2007.0,78.4,58487.45
746,Denmark,2006.0,78.1,5226.993
747,Denmark,2005.0,78.1,48799.824
748,Denmark,2004.0,77.7,46511.645
749,Denmark,2003.0,77.3,4458.7764
750,Denmark,2002.0,77.0,33228.69
751,Denmark,2001.0,77.0,3751.6494
752,Denmark,2000.0,76.9,3743.559
753,Djibouti,2015.0,63.5,1862.1672
754,Djibouti,2014.0,63.0,174.91512
755,Djibouti,2013.0,62.7,1622.638
756,Djibouti,2012.0,62.2,1536.1569
757,Djibouti,2011.0,61.8,143.9869
758,Djibouti,2010.0,61.3,1325.9972
759,Djibouti,2009.0,69.0,1253.6575
760,Djibouti,2008.0,62.0,1214.7712
761,Djibouti,2007.0,59.8,147.5869
762,Djibouti,2006.0,59.1,965.6694
763,Djibouti,2005.0,58.6,94.72975
764,Djibouti,2004.0,58.1,864.18475
765,Djibouti,2003.0,58.0,819.9741
766,Djibouti,2002.0,57.9,792.1541
767,Djibouti,2001.0,57.7,781.23224
768,Djibouti,2000.0,57.4,768.17676
770,Dominican Republic,2015.0,73.9,6468.4717
771,Dominican Republic,2014.0,73.6,6268.692
772,Dominican Republic,2013.0,73.4,627.5554
773,Dominican Republic,2012.0,72.1,5968.877
774,Dominican Republic,2011.0,73.1,5759.643
775,Dominican Republic,2010.0,72.7,5451.6694
776,Dominican Republic,2009.0,73.6,4952.6777
777,Dominican Republic,2008.0,73.3,511.37936
778,Dominican Republic,2007.0,72.9,4647.3135
779,Dominican Republic,2006.0,72.3,3836.4688
780,Dominican Republic,2005.0,69.7,3681.5994
781,Dominican Republic,2004.0,69.3,2421.9663
782,Dominican Republic,2003.0,73.0,2372.629
783,Dominican Republic,2002.0,71.4,38.46578
784,Dominican Republic,2001.0,71.2,2862.1548
785,Dominican Republic,2000.0,72.0,282.4242
786,Ecuador,2015.0,76.2,625.62225
787,Ecuador,2014.0,76.0,6432.2163
788,Ecuador,2013.0,76.0,674.9829
789,Ecuador,2012.0,75.5,572.1431
790,Ecuador,2011.0,75.3,5223.3516
791,Ecuador,2010.0,75.0,4657.3237
792,Ecuador,2009.0,75.1,4255.566
793,Ecuador,2008.0,74.6,4274.9526
794,Ecuador,2007.0,74.7,359.71887
795,Ecuador,2006.0,74.4,335.78653
796,Ecuador,2005.0,74.2,321.94254
797,Ecuador,2004.0,74.4,278.5579
798,Ecuador,2003.0,74.4,244.46898
799,Ecuador,2002.0,73.6,2183.9668
800,Ecuador,2001.0,73.4,193.74158
801,Ecuador,2000.0,72.8,1451.2977
818,El Salvador,2015.0,73.5,4127.1177
819,El Salvador,2014.0,73.3,3988.772
820,El Salvador,2013.0,73.0,3895.6646
821,El Salvador,2012.0,73.0,3827.7864
822,El Salvador,2011.0,72.0,3736.5872
823,El Salvador,2010.0,72.0,3474.3923
824,El Salvador,2009.0,71.4,3366.4822
825,El Salvador,2008.0,71.7,357.3477
826,El Salvador,2007.0,71.2,334.83817
827,El Salvador,2006.0,75.0,362.95178
828,El Salvador,2005.0,71.0,2835.2812
829,El Salvador,2004.0,70.0,2632.7993
830,El Salvador,2003.0,69.9,2519.7373
831,El Salvador,2002.0,73.0,248.4125
832,El Salvador,2001.0,68.9,2338.7722
833,El Salvador,2000.0,69.0,2238.4116
834,Equatorial Guinea,2015.0,58.2,1347.3126
835,Equatorial Guinea,2014.0,57.9,192.59734
836,Equatorial Guinea,2013.0,57.4,2246.994
837,Equatorial Guinea,2012.0,56.7,21557.652
838,Equatorial Guinea,2011.0,56.2,21451.887
839,Equatorial Guinea,2010.0,56.1,17136.445
840,Equatorial Guinea,2009.0,55.7,1653.2937
841,Equatorial Guinea,2008.0,55.4,22742.38
842,Equatorial Guinea,2007.0,55.0,15761.839
843,Equatorial Guinea,2006.0,54.8,12732.276
844,Equatorial Guinea,2005.0,54.4,185.63335
845,Equatorial Guinea,2004.0,54.1,685.349
846,Equatorial Guinea,2003.0,53.8,3577.1763
847,Equatorial Guinea,2002.0,53.5,2711.1711
848,Equatorial Guinea,2001.0,53.1,2283.8794
849,Equatorial Guinea,2000.0,52.7,172.6849
854,Eritrea,2011.0,62.9,582.7755
855,Eritrea,2010.0,62.1,482.14993
856,Eritrea,2009.0,61.4,43.75445
857,Eritrea,2008.0,67.0,326.82565
858,Eritrea,2007.0,62.0,317.32944
859,Eritrea,2006.0,59.7,297.82858
860,Eritrea,2005.0,59.4,276.75897
861,Eritrea,2004.0,59.1,287.4222
862,Eritrea,2003.0,58.8,232.79454
863,Eritrea,2002.0,58.5,21.768799
864,Eritrea,2001.0,58.1,215.1392
865,Eritrea,2000.0,45.3,28.196949
866,Estonia,2015.0,77.6,1774.9291
867,Estonia,2014.0,77.3,19941.455
868,Estonia,2013.0,76.9,1929.7747
869,Estonia,2012.0,76.3,17421.893
870,Estonia,2011.0,76.1,17454.844
871,Estonia,2010.0,75.6,14638.648
872,Estonia,2009.0,74.9,14726.318
873,Estonia,2008.0,74.2,1894.5485
874,Estonia,2007.0,73.0,16586.451
875,Estonia,2006.0,73.0,12595.416
876,Estonia,2005.0,72.8,1338.3132
877,Estonia,2004.0,72.3,885.4651
878,Estonia,2003.0,71.9,7174.2373
879,Estonia,2002.0,71.2,538.3478
880,Estonia,2001.0,78.0,4498.957
881,Estonia,2000.0,78.0,47.32827
882,Ethiopia,2015.0,64.8,645.46375
883,Ethiopia,2014.0,64.2,571.1623
884,Ethiopia,2013.0,63.7,52.153587
885,Ethiopia,2012.0,63.3,468.56726
886,Ethiopia,2011.0,62.6,354.84634
887,Ethiopia,2010.0,61.8,341.39993
888,Ethiopia,2009.0,68.0,379.75665
889,Ethiopia,2008.0,59.8,325.38257
890,Ethiopia,2007.0,58.5,243.32683
891,Ethiopia,2006.0,57.2,193.79495
892,Ethiopia,2005.0,56.0,161.62662
893,Ethiopia,2004.0,55.0,135.76239
894,Ethiopia,2003.0,54.0,118.87344
895,Ethiopia,2002.0,53.2,111.363434
896,Ethiopia,2001.0,52.5,12.178928
897,Ethiopia,2000.0,51.2,123.87626
898,Fiji,2015.0,69.9,4921.8965
899,Fiji,2014.0,69.7,546.3728
900,Fiji,2013.0,69.6,4763.6895
901,Fiji,2012.0,69.4,4546.739
902,Fiji,2011.0,69.2,4353.1216
903,Fiji,2010.0,69.1,3651.9668
904,Fiji,2009.0,68.9,3369.4824
905,Fiji,2008.0,68.7,4177.6577
906,Fiji,2007.0,68.6,478.82327
907,Fiji,2006.0,68.5,3749.9397
908,Fiji,2005.0,68.3,3658.6384
909,Fiji,2004.0,68.1,3332.9185
910,Fiji,2003.0,68.0,2835.9739
911,Fiji,2002.0,67.9,2259.5579
912,Fiji,2001.0,67.8,238.89172
913,Fiji,2000.0,67.7,276.1338
914,Finland,2015.0,81.1,4245.3975
915,Finland,2014.0,89.0,49914.617
916,Finland,2013.0,87.0,49638.77
917,Finland,2012.0,84.0,47415.56
918,Finland,2011.0,83.0,579.7241
919,Finland,2010.0,79.9,4622.415
920,Finland,2009.0,79.7,4717.156
921,Finland,2008.0,79.6,5341.315
922,Finland,2007.0,79.3,48288.55
923,Finland,2006.0,79.2,4112.6763
924,Finland,2005.0,78.9,38969.17
925,Finland,2004.0,78.7,37636.113
926,Finland,2003.0,78.4,32816.168
927,Finland,2002.0,78.1,26834.262
928,Finland,2001.0,78.0,24913.244
929,Finland,2000.0,77.5,24253.254
930,France,2015.0,82.4,36526.77
931,France,2014.0,82.2,42955.242
932,France,2013.0,82.0,42554.12
933,France,2012.0,81.5,4838.2446
934,France,2011.0,81.7,4381.288
935,France,2010.0,81.3,473.3428
936,France,2009.0,81.1,41631.133
937,France,2008.0,89.0,45413.656
938,France,2007.0,89.0,416.58398
939,France,2006.0,86.0,36544.586
940,France,2005.0,81.0,34879.727
941,France,2004.0,82.0,33874.742
942,France,2003.0,79.3,29691.182
943,France,2002.0,79.2,24275.242
944,France,2001.0,79.0,22527.318
945,France,2000.0,78.8,22465.643
946,Gabon,2015.0,66.0,7388.9844
947,Gabon,2014.0,65.5,9692.164
948,Gabon,2013.0,64.6,9679.743
949,Gabon,2012.0,63.5,9774.182
950,Gabon,2011.0,62.8,1716.2258
951,Gabon,2010.0,62.3,8754.113
952,Gabon,2009.0,61.7,763.66223
953,Gabon,2008.0,61.6,194.2746
954,Gabon,2007.0,61.6,8352.817
955,Gabon,2006.0,61.4,727.77734
956,Gabon,2005.0,65.0,6741.294
957,Gabon,2004.0,59.7,5685.5776
958,Gabon,2003.0,59.7,4892.116
959,Gabon,2002.0,59.7,412.5527
960,Gabon,2001.0,59.8,3976.149
961,Gabon,2000.0,61.0,4116.467
978,Georgia,2015.0,74.4,3764.6492
979,Georgia,2014.0,74.5,4429.6577
980,Georgia,2013.0,74.5,4274.377
981,Georgia,2012.0,74.2,4142.869
982,Georgia,2011.0,73.9,3725.6323
983,Georgia,2010.0,73.8,2964.4773
984,Georgia,2009.0,73.2,276.5885
985,Georgia,2008.0,73.9,3174.9492
986,Georgia,2007.0,74.4,2492.1287
987,Georgia,2006.0,73.9,1872.6842
988,Georgia,2005.0,73.9,153.57521
989,Georgia,2004.0,72.3,127.367226
990,Georgia,2003.0,72.7,928.18225
991,Georgia,2002.0,71.7,779.3846
992,Georgia,2001.0,73.0,733.9741
993,Georgia,2000.0,71.8,691.9977
994,Germany,2015.0,81.0,41176.883
995,Germany,2014.0,89.0,4792.653
996,Germany,2013.0,86.0,4653.9116
997,Germany,2012.0,86.0,4465.249
998,Germany,2011.0,85.0,4681.328
999,Germany,2010.0,81.0,41785.56
1000,Germany,2009.0,80.0,41732.773
1001,Germany,2008.0,79.9,45699.2
1002,Germany,2007.0,79.8,41814.82
1003,Germany,2006.0,79.6,36447.87
1004,Germany,2005.0,79.2,34696.63
1005,Germany,2004.0,79.1,34165.934
1006,Germany,2003.0,78.5,3359.9521
1007,Germany,2002.0,78.4,2525.1646
1008,Germany,2001.0,78.3,23687.316
1009,Germany,2000.0,78.0,23718.746
1010,Ghana,2015.0,62.4,1361.1139
1011,Ghana,2014.0,62.1,1432.2279
1012,Ghana,2013.0,61.9,1814.4923
1013,Ghana,2012.0,61.6,1629.8221
1014,Ghana,2011.0,61.2,1574.9786
1015,Ghana,2010.0,69.0,1312.6755
1016,Ghana,2009.0,66.0,186.76538
1017,Ghana,2008.0,63.0,1224.4155
1018,Ghana,2007.0,59.9,19.686718
1019,Ghana,2006.0,59.4,922.9352
1020,Ghana,2005.0,58.9,498.1724
1021,Ghana,2004.0,58.3,423.19363
1022,Ghana,2003.0,57.9,373.28156
1023,Ghana,2002.0,57.6,39.484474
1024,Ghana,2001.0,57.4,273.65967
1025,Ghana,2000.0,57.2,263.11246
1026,Greece,2015.0,81.0,187.78992
1027,Greece,2014.0,88.0,21673.781
1028,Greece,2013.0,86.0,21874.82
1029,Greece,2012.0,84.0,22242.682
1030,Greece,2011.0,85.0,25916.293
1031,Greece,2010.0,83.0,26917.76
1032,Greece,2009.0,80.0,2971.973
1033,Greece,2008.0,79.9,31997.281
1034,Greece,2007.0,79.4,28827.326
1035,Greece,2006.0,79.7,2481.1577
1036,Greece,2005.0,79.3,22551.736
1037,Greece,2004.0,79.2,21955.148
1038,Greece,2003.0,79.1,18477.578
1039,Greece,2002.0,79.0,1411.3134
1040,Greece,2001.0,78.7,12538.179
1041,Greece,2000.0,78.2,1242.9537
1042,Grenada,2015.0,73.6,9212.192
1043,Grenada,2014.0,73.5,8569.777
1044,Grenada,2013.0,73.3,7955.616
1045,Grenada,2012.0,73.1,7583.187
1046,Grenada,2011.0,72.9,741.4844
1047,Grenada,2010.0,72.6,7365.6665
1048,Grenada,2009.0,72.4,7395.8813
1049,Grenada,2008.0,72.1,7946.9443
1050,Grenada,2007.0,71.9,7322.5967
1051,Grenada,2006.0,71.7,6764.7227
1052,Grenada,2005.0,71.5,6754.512
1053,Grenada,2004.0,73.0,5836.1777
1054,Grenada,2003.0,71.1,5773.736
1055,Grenada,2002.0,79.0,5292.2324
1056,Grenada,2001.0,77.0,519.95874
1057,Grenada,2000.0,74.0,5117.59
1058,Guatemala,2015.0,71.9,3923.5732
1059,Guatemala,2014.0,71.7,3687.7637
1060,Guatemala,2013.0,71.4,3452.8289
1061,Guatemala,2012.0,71.3,3299.6514
1062,Guatemala,2011.0,71.1,3187.8452
1063,Guatemala,2010.0,77.0,2825.5247
1064,Guatemala,2009.0,76.0,2635.7534
1065,Guatemala,2008.0,79.0,2794.222
1066,Guatemala,2007.0,75.0,2489.9558
1067,Guatemala,2006.0,69.7,2256.5671
1068,Guatemala,2005.0,69.2,277.83438
1069,Guatemala,2004.0,69.6,1872.7378
1070,Guatemala,2003.0,69.4,1753.3495
1071,Guatemala,2002.0,69.3,171.77148
1072,Guatemala,2001.0,68.4,1568.3762
1073,Guatemala,2000.0,67.7,1655.5963
1074,Guinea,2015.0,59.0,554.4877
1075,Guinea,2014.0,58.1,561.9974
1076,Guinea,2013.0,58.8,54.169323
1077,Guinea,2012.0,58.4,52.348564
1078,Guinea,2011.0,58.1,459.2912
1079,Guinea,2010.0,57.8,438.75134
1080,Guinea,2009.0,57.3,436.68954
1081,Guinea,2008.0,56.8,437.44672
1082,Guinea,2007.0,56.4,49.456776
1083,Guinea,2006.0,55.6,296.6838
1084,Guinea,2005.0,54.7,33.4245
1085,Guinea,2004.0,54.0,386.32883
1086,Guinea,2003.0,53.3,37.193176
1087,Guinea,2002.0,52.9,322.81116
1088,Guinea,2001.0,52.5,315.83984
1089,Guinea,2000.0,52.5,34.51692
1090,Guinea-Bissau,2015.0,58.9,596.8717
1091,Guinea-Bissau,2014.0,58.4,642.6256
1092,Guinea-Bissau,2013.0,58.1,61.566345
1093,Guinea-Bissau,2012.0,57.6,67.751884
1094,Guinea-Bissau,2011.0,57.1,692.6999
1095,Guinea-Bissau,2010.0,56.7,543.9574
1096,Guinea-Bissau,2009.0,56.3,544.2228
1097,Guinea-Bissau,2008.0,55.6,583.54456
1098,Guinea-Bissau,2007.0,55.0,481.69498
1099,Guinea-Bissau,2006.0,54.4,418.94455
1100,Guinea-Bissau,2005.0,53.9,424.95346
1101,Guinea-Bissau,2004.0,53.5,393.3138
1102,Guinea-Bissau,2003.0,53.0,36.571857
1103,Guinea-Bissau,2002.0,52.8,321.48132
1104,Guinea-Bissau,2001.0,52.5,39.486748
1105,Guinea-Bissau,2000.0,52.1,297.75195
1106,Guyana,2015.0,66.2,4136.69
1107,Guyana,2014.0,66.0,43.82321
1108,Guyana,2013.0,65.9,3944.1782
1109,Guyana,2012.0,65.8,3785.9355
1110,Guyana,2011.0,65.6,3439.5974
1111,Guyana,2010.0,65.9,326.28122
1112,Guyana,2009.0,66.1,2716.3525
1113,Guyana,2008.0,66.3,2576.125
1114,Guyana,2007.0,65.7,2327.5833
1115,Guyana,2006.0,65.2,1945.6395
1116,Guyana,2005.0,65.0,198.45522
1117,Guyana,2004.0,65.1,145.58861
1118,Guyana,2003.0,65.3,986.79584
1119,Guyana,2002.0,65.3,96.867485
1120,Guyana,2001.0,65.4,925.5825
1121,Guyana,2000.0,65.4,946.59937
1122,Haiti,2015.0,63.5,814.5464
1123,Haiti,2014.0,63.1,83.114815
1124,Haiti,2013.0,62.7,81.26567
1125,Haiti,2012.0,62.3,766.84375
1126,Haiti,2011.0,62.3,74.935844
1127,Haiti,2010.0,36.3,662.27954
1128,Haiti,2009.0,62.5,668.29767
1129,Haiti,2008.0,62.1,674.7564
1130,Haiti,2007.0,61.8,615.8198
1131,Haiti,2006.0,61.1,55.47626
1132,Haiti,2005.0,65.0,465.3119
1133,Haiti,2004.0,58.7,387.94296
1134,Haiti,2003.0,59.7,329.78296
1135,Haiti,2002.0,59.3,393.16327
1136,Haiti,2001.0,58.9,413.7383
1137,Haiti,2000.0,58.6,462.4865
1138,Honduras,2015.0,74.6,2326.1584
1139,Honduras,2014.0,74.5,2242.712
1140,Honduras,2013.0,74.3,2136.774
1141,Honduras,2012.0,74.1,2178.3833
1142,Honduras,2011.0,73.9,212.5848
1143,Honduras,2010.0,73.6,1932.8583
1144,Honduras,2009.0,73.4,1815.4895
1145,Honduras,2008.0,73.2,1751.5958
1146,Honduras,2007.0,73.0,1592.5721
1147,Honduras,2006.0,72.8,1437.6288
1148,Honduras,2005.0,72.5,1311.7417
1149,Honduras,2004.0,72.2,1217.658
1150,Honduras,2003.0,71.9,1157.3427
1151,Honduras,2002.0,71.6,1132.8721
1152,Honduras,2001.0,71.3,113.4546
1153,Honduras,2000.0,71.0,188.78317
1154,Hungary,2015.0,75.8,12365.626
1155,Hungary,2014.0,75.6,14117.977
1156,Hungary,2013.0,75.5,13613.614
1157,Hungary,2012.0,75.0,12834.323
1158,Hungary,2011.0,74.8,1448.8796
1159,Hungary,2010.0,74.5,1325.5338
1160,Hungary,2009.0,74.2,12967.165
1161,Hungary,2008.0,74.1,15669.26
1162,Hungary,2007.0,73.5,13842.655
1163,Hungary,2006.0,73.4,11398.766
1164,Hungary,2005.0,72.9,11161.725
1165,Hungary,2004.0,72.9,1259.5266
1166,Hungary,2003.0,72.5,8396.253
1167,Hungary,2002.0,72.5,665.6443
1168,Hungary,2001.0,72.3,527.85364
1169,Hungary,2000.0,71.7,4623.4673
1170,Iceland,2015.0,82.7,5734.4434
1171,Iceland,2014.0,82.5,52473.113
1172,Iceland,2013.0,82.4,4781.3887
1173,Iceland,2012.0,82.5,44333.85
1174,Iceland,2011.0,82.1,46.217
1175,Iceland,2010.0,81.8,41676.445
1176,Iceland,2009.0,81.6,4461.8926
1177,Iceland,2008.0,81.4,55575.293
1178,Iceland,2007.0,81.3,68348.32
1179,Iceland,2006.0,81.1,5613.541
1180,Iceland,2005.0,81.0,56249.754
1181,Iceland,2004.0,88.0,46917.273
1182,Iceland,2003.0,87.0,3944.999
1183,Iceland,2002.0,84.0,31996.217
1184,Iceland,2001.0,80.0,28585.926
1185,Iceland,2000.0,79.7,31813.373
1186,India,2015.0,68.3,1613.1887
1187,India,2014.0,68.0,1573.1189
1188,India,2013.0,67.6,1452.1953
1189,India,2012.0,67.3,1446.9854
1190,India,2011.0,66.8,1461.672
1191,India,2010.0,66.4,1345.7715
1192,India,2009.0,66.0,19.317764
1193,India,2008.0,65.5,991.4846
1194,India,2007.0,65.2,118.166374
1195,India,2006.0,64.8,792.2597
1196,India,2005.0,64.4,77.819
1197,India,2004.0,64.0,621.31836
1198,India,2003.0,63.7,541.13525
1199,India,2002.0,63.3,466.2842
1200,India,2001.0,62.9,447.13898
1201,India,2000.0,62.5,438.86462
1202,Indonesia,2015.0,69.1,3336.1667
1203,Indonesia,2014.0,68.9,3491.596
1204,Indonesia,2013.0,68.7,362.66397
1205,Indonesia,2012.0,68.5,3687.954
1206,Indonesia,2011.0,68.3,3634.2769
1207,Indonesia,2010.0,68.1,3113.4863
1208,Indonesia,2009.0,67.9,2254.4456
1209,Indonesia,2008.0,67.7,216.52766
1210,Indonesia,2007.0,67.5,1855.9392
1211,Indonesia,2006.0,67.3,1586.254
1212,Indonesia,2005.0,67.2,126.92883
1213,Indonesia,2004.0,65.3,1148.57
1214,Indonesia,2003.0,66.9,164.59447
1215,Indonesia,2002.0,66.7,899.55566
1216,Indonesia,2001.0,66.5,747.98175
1217,Indonesia,2000.0,66.3,78.92744
1234,Iraq,2015.0,68.9,4974.2695
1235,Iraq,2014.0,67.9,673.7474
1236,Iraq,2013.0,69.5,6925.2246
1237,Iraq,2012.0,76.0,6651.1226
1238,Iraq,2011.0,77.0,5854.6143
1239,Iraq,2010.0,76.0,452.74948
1240,Iraq,2009.0,74.0,3735.1448
1241,Iraq,2008.0,69.3,4521.3247
1242,Iraq,2007.0,65.9,3129.2249
1243,Iraq,2006.0,64.7,2351.8125
1244,Iraq,2005.0,66.8,1849.6392
1245,Iraq,2004.0,67.2,1391.8169
1250,Ireland,2015.0,81.4,6664.144
1251,Ireland,2014.0,81.2,5553.326
1252,Ireland,2013.0,81.0,5234.7676
1253,Ireland,2012.0,85.0,49231.363
1254,Ireland,2011.0,84.0,52567.527
1255,Ireland,2010.0,86.0,48538.586
1256,Ireland,2009.0,79.7,51983.79
1257,Ireland,2008.0,79.8,61235.414
1258,Ireland,2007.0,79.5,61388.176
1259,Ireland,2006.0,79.0,54326.973
1260,Ireland,2005.0,78.7,5886.828
1261,Ireland,2004.0,78.3,47631.637
1262,Ireland,2003.0,78.0,4117.1553
1263,Ireland,2002.0,77.4,32539.193
1264,Ireland,2001.0,77.0,28223.555
1265,Ireland,2000.0,76.4,26241.918
1266,Israel,2015.0,82.5,35729.37
1267,Israel,2014.0,82.2,37582.848
1268,Israel,2013.0,82.1,36393.668
1269,Israel,2012.0,81.8,32569.598
1270,Israel,2011.0,81.8,33657.156
1271,Israel,2010.0,81.7,3661.994
1272,Israel,2009.0,81.5,27795.877
1273,Israel,2008.0,81.0,29657.441
1274,Israel,2007.0,84.0,258.637
1275,Israel,2006.0,84.0,2195.177
1276,Israel,2005.0,80.0,2611.1792
1277,Israel,2004.0,81.0,19888.172
1278,Israel,2003.0,79.7,18947.0
1279,Israel,2002.0,79.3,18431.156
1280,Israel,2001.0,79.3,236.19646
1281,Israel,2000.0,78.9,2152.1433
1282,Italy,2015.0,82.7,349.14755
1283,Italy,2014.0,82.5,35396.664
1284,Italy,2013.0,82.3,3537.2744
1285,Italy,2012.0,82.0,34814.125
1286,Italy,2011.0,82.0,38334.684
1287,Italy,2010.0,81.8,35849.375
1288,Italy,2009.0,81.6,36976.844
1289,Italy,2008.0,81.5,464.18466
1290,Italy,2007.0,81.3,37698.785
1291,Italy,2006.0,81.2,3341.7483
1292,Italy,2005.0,88.0,31959.262
1293,Italy,2004.0,89.0,31174.56
1294,Italy,2003.0,79.9,27387.227
1295,Italy,2002.0,80.0,22196.574
1296,Italy,2001.0,79.8,24.819
1297,Italy,2000.0,79.4,251.2426
1298,Jamaica,2015.0,76.2,4965.9897
1299,Jamaica,2014.0,75.8,4855.7437
1300,Jamaica,2013.0,75.6,56.14495
1301,Jamaica,2012.0,75.3,521.3336
1302,Jamaica,2011.0,75.2,513.5495
1303,Jamaica,2010.0,75.0,4682.7285
1304,Jamaica,2009.0,74.7,4293.3833
1305,Jamaica,2008.0,74.5,492.49237
1306,Jamaica,2007.0,74.2,462.5179
1307,Jamaica,2006.0,74.0,4313.168
1308,Jamaica,2005.0,73.5,482.24762
1309,Jamaica,2004.0,73.3,3719.9734
1310,Jamaica,2003.0,73.1,3465.222
1311,Jamaica,2002.0,73.0,3596.4963
1312,Jamaica,2001.0,72.7,3394.878
1313,Jamaica,2000.0,72.6,336.8742
1314,Japan,2015.0,83.7,34474.137
1315,Japan,2014.0,83.5,3896.2114
1316,Japan,2013.0,83.5,4454.4473
1317,Japan,2012.0,83.3,4863.4766
1318,Japan,2011.0,82.5,48167.996
1319,Japan,2010.0,83.0,4457.6763
1320,Japan,2009.0,83.0,4855.176
1321,Japan,2008.0,82.7,39339.297
1322,Japan,2007.0,82.6,35275.227
1323,Japan,2006.0,82.4,35433.99
1324,Japan,2005.0,82.0,37217.65
1325,Japan,2004.0,82.1,37688.723
1326,Japan,2003.0,81.9,3488.3992
1327,Japan,2002.0,81.8,32289.355
1328,Japan,2001.0,81.5,33846.465
1329,Japan,2000.0,81.1,38532.49
1330,Jordan,2015.0,74.1,496.99274
1331,Jordan,2014.0,74.0,466.94775
1332,Jordan,2013.0,73.9,3992.8672
1333,Jordan,2012.0,73.7,387.7532
1334,Jordan,2011.0,73.6,387.32416
1335,Jordan,2010.0,73.4,3679.1929
1336,Jordan,2009.0,73.3,3492.1396
1337,Jordan,2008.0,73.1,3385.6965
1338,Jordan,2007.0,73.0,2762.8635
1339,Jordan,2006.0,72.8,2537.349
1340,Jordan,2005.0,72.4,223.83788
1341,Jordan,2004.0,72.5,261.45688
1342,Jordan,2003.0,72.3,1889.214
1343,Jordan,2002.0,72.1,1812.2883
1344,Jordan,2001.0,71.9,1728.2659
1345,Jordan,2000.0,71.7,1657.8893
1346,Kazakhstan,2015.0,72.0,159.9817
1347,Kazakhstan,2014.0,69.9,1286.5651
1348,Kazakhstan,2013.0,69.5,1389.8561
1349,Kazakhstan,2012.0,69.1,12387.189
1350,Kazakhstan,2011.0,68.5,11634.424
1351,Kazakhstan,2010.0,67.8,97.64997
1352,Kazakhstan,2009.0,67.8,7165.2773
1353,Kazakhstan,2008.0,66.6,8513.564
1354,Kazakhstan,2007.0,65.3,6771.415
1355,Kazakhstan,2006.0,65.0,5291.5757
1356,Kazakhstan,2005.0,64.6,3771.279
1357,Kazakhstan,2004.0,64.7,2874.2883
1358,Kazakhstan,2003.0,64.4,268.12366
1359,Kazakhstan,2002.0,64.7,1658.3114
1360,Kazakhstan,2001.0,64.4,149.92676
1361,Kazakhstan,2000.0,63.9,1229.958
1362,Kenya,2015.0,63.4,1349.9714
1363,Kenya,2014.0,62.9,1335.6458
1364,Kenya,2013.0,62.6,1229.1147
1365,Kenya,2012.0,62.1,1155.2582
1366,Kenya,2011.0,61.2,987.4454
1367,Kenya,2010.0,63.0,967.3477
1368,Kenya,2009.0,59.1,92.81625
1369,Kenya,2008.0,57.9,916.89923
1370,Kenya,2007.0,56.8,839.1811
1371,Kenya,2006.0,55.3,697.6639
1372,Kenya,2005.0,54.1,519.7999
1373,Kenya,2004.0,53.0,458.88437
1374,Kenya,2003.0,52.4,436.68753
1375,Kenya,2002.0,52.1,395.84937
1376,Kenya,2001.0,51.9,41.77636
1377,Kenya,2000.0,51.9,43.979713
1378,Kiribati,2015.0,66.3,1424.4836
1379,Kiribati,2014.0,66.1,1684.5427
1380,Kiribati,2013.0,65.8,1724.3617
1381,Kiribati,2012.0,65.7,1763.8156
1382,Kiribati,2011.0,65.5,1692.6133
1383,Kiribati,2010.0,65.3,1493.165
1384,Kiribati,2009.0,65.2,1297.2852
1385,Kiribati,2008.0,65.1,1413.3234
1386,Kiribati,2007.0,65.0,1357.6322
1387,Kiribati,2006.0,65.0,1151.5557
1388,Kiribati,2005.0,64.9,1214.5566
1389,Kiribati,2004.0,64.8,113.6286
1390,Kiribati,2003.0,64.7,115.3865
1391,Kiribati,2002.0,64.6,826.5855
1392,Kiribati,2001.0,64.3,734.9492
1393,Kiribati,2000.0,64.1,796.79376
1394,Kuwait,2015.0,74.7,28975.418
1395,Kuwait,2014.0,74.6,42996.48
1396,Kuwait,2013.0,74.5,48399.957
1397,Kuwait,2012.0,74.3,51264.715
1398,Kuwait,2011.0,74.2,48268.59
1399,Kuwait,2010.0,74.0,38497.617
1400,Kuwait,2009.0,73.9,37567.312
1401,Kuwait,2008.0,73.8,55572.0
1402,Kuwait,2007.0,73.7,45793.977
1403,Kuwait,2006.0,73.6,42717.56
1404,Kuwait,2005.0,73.6,3549.2612
1405,Kuwait,2004.0,73.5,26921.828
1406,Kuwait,2003.0,73.4,2271.5696
1407,Kuwait,2002.0,73.3,17789.42
1408,Kuwait,2001.0,73.2,1654.9677
1409,Kuwait,2000.0,73.2,18389.385
1442,Latvia,2015.0,74.6,13666.583
1443,Latvia,2014.0,74.4,15725.138
1444,Latvia,2013.0,74.1,1532.2292
1445,Latvia,2012.0,73.8,13822.855
1446,Latvia,2011.0,73.6,1372.6895
1447,Latvia,2010.0,72.8,11326.22
1448,Latvia,2009.0,72.6,12219.374
1449,Latvia,2008.0,71.9,16348.531
1450,Latvia,2007.0,78.0,1444.1589
1451,Latvia,2006.0,75.0,9667.976
1452,Latvia,2005.0,76.0,7558.7427
1453,Latvia,2004.0,71.0,6351.8125
1454,Latvia,2003.0,78.0,5134.957
1455,Latvia,2002.0,73.0,4132.349
1456,Latvia,2001.0,69.9,3572.8513
1457,Latvia,2000.0,71.0,3352.7312
1458,Lebanon,2015.0,74.9,846.6329
1459,Lebanon,2014.0,74.8,8161.4614
1460,Lebanon,2013.0,74.9,846.28516
1461,Lebanon,2012.0,75.0,8787.946
1462,Lebanon,2011.0,75.0,8734.965
1463,Lebanon,2010.0,74.9,8763.826
1464,Lebanon,2009.0,74.7,84.268875
1465,Lebanon,2008.0,74.5,712.77576
1466,Lebanon,2007.0,74.4,614.2711
1467,Lebanon,2006.0,74.1,5372.659
1468,Lebanon,2005.0,73.9,5339.4414
1469,Lebanon,2004.0,73.7,5424.2236
1470,Lebanon,2003.0,73.5,5425.67
1471,Lebanon,2002.0,73.2,5436.595
1472,Lebanon,2001.0,73.0,5253.1226
1473,Lebanon,2000.0,72.7,5334.933
1474,Lesotho,2015.0,53.7,173.82893
1475,Lesotho,2014.0,52.1,1174.8392
1476,Lesotho,2013.0,52.1,1196.1335
1477,Lesotho,2012.0,52.2,1281.516
1478,Lesotho,2011.0,52.3,1352.3843
1479,Lesotho,2010.0,51.1,1173.2621
1480,Lesotho,2009.0,49.4,923.1369
1481,Lesotho,2008.0,47.8,934.4286
1482,Lesotho,2007.0,46.2,918.43274
1483,Lesotho,2006.0,45.3,915.77576
1484,Lesotho,2005.0,44.5,862.9463
1485,Lesotho,2004.0,44.8,781.5146
1486,Lesotho,2003.0,45.5,63.63628
1487,Lesotho,2002.0,46.4,47.89395
1488,Lesotho,2001.0,47.8,437.81918
1489,Lesotho,2000.0,49.3,474.8198
1490,Liberia,2015.0,61.4,452.38718
1491,Liberia,2014.0,58.1,458.46518
1492,Liberia,2013.0,61.1,454.12222
1493,Liberia,2012.0,67.0,415.36197
1494,Liberia,2011.0,62.0,379.68958
1495,Liberia,2010.0,59.7,327.42596
1496,Liberia,2009.0,59.2,33.667492
1497,Liberia,2008.0,58.6,232.61732
1498,Liberia,2007.0,57.9,21.37333
1499,Liberia,2006.0,56.7,178.928
1500,Liberia,2005.0,55.3,168.64825
1501,Liberia,2004.0,54.0,149.44525
1502,Liberia,2003.0,50.0,133.49452
1503,Liberia,2002.0,56.0,177.28519
1504,Liberia,2001.0,51.5,174.18155
1505,Liberia,2000.0,51.9,183.415
1510,Libya,2011.0,71.3,562.54944
1511,Libya,2010.0,72.8,1212.5621
1512,Libya,2009.0,72.7,1296.9735
1513,Libya,2008.0,72.6,14396.486
1514,Libya,2007.0,72.5,1138.5667
1515,Libya,2006.0,72.2,9344.987
1516,Libya,2005.0,71.9,8171.362
1517,Libya,2004.0,71.5,586.8364
1518,Libya,2003.0,71.3,4676.968
1519,Libya,2002.0,71.1,375.44263
1520,Libya,2001.0,71.0,6269.581
1521,Libya,2000.0,78.0,7145.6284
1522,Lithuania,2015.0,73.6,14252.429
1523,Lithuania,2014.0,73.4,16554.97
1524,Lithuania,2013.0,73.0,15712.824
1525,Lithuania,2012.0,73.0,14341.836
1526,Lithuania,2011.0,72.8,14357.736
1527,Lithuania,2010.0,72.4,11984.868
1528,Lithuania,2009.0,72.2,11837.392
1529,Lithuania,2008.0,71.1,14961.568
1530,Lithuania,2007.0,72.0,12297.915
1531,Lithuania,2006.0,76.0,924.6426
1532,Lithuania,2005.0,78.0,7863.163
1533,Lithuania,2004.0,71.6,676.967
1534,Lithuania,2003.0,71.6,555.53564
1535,Lithuania,2002.0,71.4,4146.988
1536,Lithuania,2001.0,71.2,353.14734
1537,Lithuania,2000.0,71.6,3297.3547
1538,Luxembourg,2015.0,82.0,1199.8223
1539,Luxembourg,2014.0,81.7,119172.74
1540,Luxembourg,2013.0,81.4,113751.85
1541,Luxembourg,2012.0,81.1,16749.137
1542,Luxembourg,2011.0,88.0,115761.58
1543,Luxembourg,2010.0,86.0,14965.361
1544,Luxembourg,2009.0,83.0,13198.669
1545,Luxembourg,2008.0,80.0,114293.84
1546,Luxembourg,2007.0,79.7,1618.4928
1547,Luxembourg,2006.0,79.4,89739.71
1548,Luxembourg,2005.0,78.8,8289.696
1549,Luxembourg,2004.0,78.7,75716.35
1550,Luxembourg,2003.0,78.6,65445.887
1551,Luxembourg,2002.0,78.3,5293.641
1552,Luxembourg,2001.0,78.0,48179.43
1553,Luxembourg,2000.0,77.8,48735.996
1554,Madagascar,2015.0,65.5,41.857594
1555,Madagascar,2014.0,65.1,452.4632
1556,Madagascar,2013.0,64.7,461.72372
1557,Madagascar,2012.0,64.3,443.9611
1558,Madagascar,2011.0,63.8,454.96347
1559,Madagascar,2010.0,63.3,412.73935
1560,Madagascar,2009.0,62.8,415.68933
1561,Madagascar,2008.0,62.3,47.733253
1562,Madagascar,2007.0,61.9,377.8483
1563,Madagascar,2006.0,61.4,292.15744
1564,Madagascar,2005.0,69.0,274.81973
1565,Madagascar,2004.0,64.0,245.12358
1566,Madagascar,2003.0,59.9,316.7999
1567,Madagascar,2002.0,59.3,262.28595
1568,Madagascar,2001.0,58.7,278.55573
1569,Madagascar,2000.0,57.9,245.93965
1570,Malawi,2015.0,58.3,362.65753
1571,Malawi,2014.0,57.6,354.7254
1572,Malawi,2013.0,56.7,332.92233
1573,Malawi,2012.0,55.3,374.51883
1574,Malawi,2011.0,54.1,512.1254
1575,Malawi,2010.0,52.9,458.86816
1576,Malawi,2009.0,51.5,42.737965
1577,Malawi,2008.0,50.0,372.84268
1578,Malawi,2007.0,48.5,32.22273
1579,Malawi,2006.0,47.1,297.6971
1580,Malawi,2005.0,46.0,28.367384
1581,Malawi,2004.0,45.1,274.22562
1582,Malawi,2003.0,44.6,26.152517
1583,Malawi,2002.0,44.0,29.979898
1584,Malawi,2001.0,43.5,146.76154
1585,Malawi,2000.0,43.1,153.25949
1586,Malaysia,2015.0,75.0,9643.645
1587,Malaysia,2014.0,74.8,11183.962
1588,Malaysia,2013.0,74.6,1882.2784
1589,Malaysia,2012.0,74.5,1779.4965
1590,Malaysia,2011.0,74.3,145.1262
1591,Malaysia,2010.0,74.1,971.357
1592,Malaysia,2009.0,74.0,7326.7446
1593,Malaysia,2008.0,73.8,8513.63
1594,Malaysia,2007.0,73.7,7269.171
1595,Malaysia,2006.0,73.6,6222.983
1596,Malaysia,2005.0,73.4,5593.8228
1597,Malaysia,2004.0,73.2,4955.4775
1598,Malaysia,2003.0,73.1,4463.676
1599,Malaysia,2002.0,72.9,4167.3643
1600,Malaysia,2001.0,72.7,3915.1155
1601,Malaysia,2000.0,72.4,445.1747
1602,Maldives,2015.0,78.5,8395.785
1603,Maldives,2014.0,78.2,7716.2417
1604,Maldives,2013.0,77.9,7112.336
1605,Maldives,2012.0,77.6,6541.7466
1606,Maldives,2011.0,77.3,6497.554
1607,Maldives,2010.0,76.7,633.795
1608,Maldives,2009.0,76.3,597.1659
1609,Maldives,2008.0,75.9,5828.6216
1610,Maldives,2007.0,75.4,52.862286
1611,Maldives,2006.0,75.0,4428.523
1612,Maldives,2005.0,74.3,3488.4937
1613,Maldives,2004.0,73.4,3853.3335
1614,Maldives,2003.0,72.7,3432.2478
1615,Maldives,2002.0,71.8,32.37239
1616,Maldives,2001.0,78.0,298.676
1617,Maldives,2000.0,69.6,2182.997
1618,Mali,2015.0,58.2,729.72534
1619,Mali,2014.0,57.8,825.573
1620,Mali,2013.0,57.3,777.6591
1621,Mali,2012.0,57.2,777.3477
1622,Mali,2011.0,56.8,835.88995
1623,Mali,2010.0,56.5,78.37763
1624,Mali,2009.0,56.0,697.15314
1625,Mali,2008.0,55.5,689.6784
1626,Mali,2007.0,55.0,595.63684
1627,Mali,2006.0,54.3,521.6426
1628,Mali,2005.0,53.6,487.94257
1629,Mali,2004.0,52.8,439.3573
1630,Mali,2003.0,52.0,391.7913
1631,Mali,2002.0,51.2,334.22415
1632,Mali,2001.0,55.0,36.847324
1633,Mali,2000.0,49.8,269.3484
1634,Malta,2015.0,81.7,23819.463
1635,Malta,2014.0,81.4,2618.926
1636,Malta,2013.0,81.1,2393.1887
1637,Malta,2012.0,81.0,2193.8835
1638,Malta,2011.0,87.0,22821.848
1639,Malta,2010.0,83.0,2187.7947
1640,Malta,2009.0,82.0,2675.5825
1641,Malta,2008.0,80.0,21928.768
1642,Malta,2007.0,79.6,19375.57
1643,Malta,2006.0,79.3,16671.566
1644,Malta,2005.0,79.0,15835.347
1645,Malta,2004.0,78.7,1519.5497
1646,Malta,2003.0,78.5,13689.99
1647,Malta,2002.0,78.2,11843.939
1648,Malta,2001.0,77.8,1121.7864
1649,Malta,2000.0,77.5,1139.5651
1651,Mauritania,2015.0,63.1,1158.2565
1652,Mauritania,2014.0,63.0,1326.6688
1653,Mauritania,2013.0,62.7,145.57838
1654,Mauritania,2012.0,62.5,1364.2837
1655,Mauritania,2011.0,62.2,1393.2616
1656,Mauritania,2010.0,62.0,123.383675
1657,Mauritania,2009.0,61.7,146.83852
1658,Mauritania,2008.0,61.4,1167.5356
1659,Mauritania,2007.0,61.2,113.3128
1660,Mauritania,2006.0,69.0,944.1348
1661,Mauritania,2005.0,66.0,697.7452
1662,Mauritania,2004.0,64.0,62.547287
1663,Mauritania,2003.0,63.0,528.5866
1664,Mauritania,2002.0,62.0,46.95423
1665,Mauritania,2001.0,61.0,464.22977
1666,Mauritania,2000.0,60.0,477.47614
1667,Mauritius,2015.0,74.6,9252.117
1668,Mauritius,2014.0,74.2,1153.9382
1669,Mauritius,2013.0,74.1,9637.265
1670,Mauritius,2012.0,73.9,9291.228
1671,Mauritius,2011.0,73.6,9197.27
1672,Mauritius,2010.0,73.3,8.376432
1673,Mauritius,2009.0,72.8,7318.1265
1674,Mauritius,2008.0,72.7,83.635
1675,Mauritius,2007.0,72.9,6574.6543
1676,Mauritius,2006.0,71.8,5695.969
1677,Mauritius,2005.0,72.1,5116.454
1678,Mauritius,2004.0,71.9,5229.877
1679,Mauritius,2003.0,71.5,4623.3477
1680,Mauritius,2002.0,71.5,3957.513
1681,Mauritius,2001.0,71.5,3792.1821
1682,Mauritius,2000.0,71.0,3861.3242
1683,Mexico,2015.0,76.7,9143.129
1684,Mexico,2014.0,76.6,1452.2777
1685,Mexico,2013.0,76.6,1298.8677
1686,Mexico,2012.0,76.3,982.5326
1687,Mexico,2011.0,76.1,9834.473
1688,Mexico,2010.0,75.6,8959.581
1689,Mexico,2009.0,75.7,7748.1235
1690,Mexico,2008.0,75.6,9689.529
1691,Mexico,2007.0,76.0,933.3417
1692,Mexico,2006.0,75.8,8767.923
1693,Mexico,2005.0,75.3,7986.7983
1694,Mexico,2004.0,75.4,7199.5967
1695,Mexico,2003.0,75.0,6751.999
1696,Mexico,2002.0,75.0,716.8219
1697,Mexico,2001.0,75.0,731.37885
1698,Mexico,2000.0,74.8,672.92114
1716,Mongolia,2015.0,68.8,3944.1838
1717,Mongolia,2014.0,68.4,4181.5835
1718,Mongolia,2013.0,68.1,4385.3794
1719,Mongolia,2012.0,67.8,4368.8223
1720,Mongolia,2011.0,67.3,3769.5952
1721,Mongolia,2010.0,66.3,265.35367
1722,Mongolia,2009.0,66.9,1717.8988
1723,Mongolia,2008.0,67.4,2139.6257
1724,Mongolia,2007.0,65.9,1634.8143
1725,Mongolia,2006.0,65.0,1334.6519
1726,Mongolia,2005.0,64.5,998.8227
1727,Mongolia,2004.0,64.0,797.83777
1728,Mongolia,2003.0,64.0,646.5613
1729,Mongolia,2002.0,63.8,571.51886
1730,Mongolia,2001.0,63.2,524.14594
1731,Mongolia,2000.0,62.8,474.21335
1732,Montenegro,2015.0,76.1,6461.1924
1733,Montenegro,2014.0,75.9,7378.345
1734,Montenegro,2013.0,75.8,7186.4297
1735,Montenegro,2012.0,75.6,6586.719
1736,Montenegro,2011.0,75.4,7318.7427
1737,Montenegro,2010.0,75.3,6682.2812
1738,Montenegro,2009.0,75.0,6698.7944
1739,Montenegro,2008.0,74.6,7325.735
1740,Montenegro,2007.0,74.2,5957.1455
1741,Montenegro,2006.0,73.8,4383.596
1742,Montenegro,2005.0,73.6,3674.618
1743,Montenegro,2004.0,73.5,338.19952
1744,Montenegro,2003.0,73.5,2789.1736
1745,Montenegro,2002.0,73.4,216.24327
1746,Montenegro,2001.0,73.3,199.58395
1747,Montenegro,2000.0,73.0,1627.429
1748,Morocco,2015.0,74.3,2847.2856
1749,Morocco,2014.0,74.1,3154.5134
1750,Morocco,2013.0,73.9,3111.763
1751,Morocco,2012.0,73.6,294.74673
1752,Morocco,2011.0,73.3,339.91617
1753,Morocco,2010.0,72.8,2834.2473
1754,Morocco,2009.0,72.3,2861.5544
1755,Morocco,2008.0,71.8,2884.9478
1756,Morocco,2007.0,71.4,2494.3535
1757,Morocco,2006.0,71.0,2191.4785
1758,Morocco,2005.0,77.0,213.75555
1759,Morocco,2004.0,72.0,1948.8123
1760,Morocco,2003.0,69.9,1721.9739
1761,Morocco,2002.0,69.5,1413.7572
1762,Morocco,2001.0,69.0,1336.7754
1763,Morocco,2000.0,68.6,1332.3823
1764,Mozambique,2015.0,57.6,528.31256
1765,Mozambique,2014.0,56.7,623.2871
1766,Mozambique,2013.0,55.3,65.98568
1767,Mozambique,2012.0,54.8,566.51385
1768,Mozambique,2011.0,54.3,526.5314
1769,Mozambique,2010.0,54.0,419.22583
1770,Mozambique,2009.0,53.8,463.85263
1771,Mozambique,2008.0,53.2,53.12772
1772,Mozambique,2007.0,52.1,422.14615
1773,Mozambique,2006.0,51.2,385.7567
1774,Mozambique,2005.0,58.0,369.15454
1775,Mozambique,2004.0,54.0,336.33182
1776,Mozambique,2003.0,51.0,283.89114
1777,Mozambique,2002.0,49.8,262.88455
1778,Mozambique,2001.0,49.5,256.4415
1779,Mozambique,2000.0,49.0,277.64865
1780,Myanmar,2015.0,66.6,1194.5914
1781,Myanmar,2014.0,66.4,1262.8938
1782,Myanmar,2013.0,66.2,1168.8395
1783,Myanmar,2012.0,65.9,1171.5825
1784,Myanmar,2011.0,65.6,1186.424
1785,Myanmar,2010.0,65.4,987.7366
1786,Myanmar,2009.0,65.2,741.7771
1787,Myanmar,2008.0,59.2,643.95135
1788,Myanmar,2007.0,64.5,41.451
1789,Myanmar,2006.0,64.2,296.97284
1790,Myanmar,2005.0,63.9,247.24277
1791,Myanmar,2004.0,63.5,219.81567
1792,Myanmar,2003.0,63.2,219.78233
1793,Myanmar,2002.0,62.8,143.7765
1794,Myanmar,2001.0,62.5,138.92493
1795,Myanmar,2000.0,62.1,193.18748
1796,Namibia,2015.0,65.8,4737.67
1797,Namibia,2014.0,65.9,5421.3438
1798,Namibia,2013.0,66.1,5488.132
1799,Namibia,2012.0,65.8,5749.4478
1800,Namibia,2011.0,64.3,56.971394
1801,Namibia,2010.0,63.0,5191.584
1802,Namibia,2009.0,62.4,4153.498
1803,Namibia,2008.0,61.7,429.6561
1804,Namibia,2007.0,60.0,422.51968
1805,Namibia,2006.0,57.0,3881.2954
1806,Namibia,2005.0,55.1,3573.1465
1807,Namibia,2004.0,54.7,3288.2573
1808,Namibia,2003.0,55.0,2482.3687
1809,Namibia,2002.0,55.7,1713.476
1810,Namibia,2001.0,56.5,1834.2948
1811,Namibia,2000.0,57.4,257.99557
1813,Nepal,2015.0,69.2,743.7653
1814,Nepal,2014.0,69.6,76.2387
1815,Nepal,2013.0,69.3,688.61725
1816,Nepal,2012.0,68.9,681.7926
1817,Nepal,2011.0,68.4,692.1167
1818,Nepal,2010.0,68.0,592.18353
1819,Nepal,2009.0,67.5,48.7299
1820,Nepal,2008.0,67.0,473.84445
1821,Nepal,2007.0,66.6,393.88434
1822,Nepal,2006.0,66.0,348.63144
1823,Nepal,2005.0,65.4,317.89197
1824,Nepal,2004.0,64.7,287.4156
1825,Nepal,2003.0,64.3,253.72412
1826,Nepal,2002.0,63.1,246.37563
1827,Nepal,2001.0,63.2,248.61835
1828,Nepal,2000.0,62.5,231.42554
1829,Netherlands,2015.0,81.9,44292.883
1830,Netherlands,2014.0,81.7,52157.47
1831,Netherlands,2013.0,81.4,51574.49
1832,Netherlands,2012.0,81.1,49474.758
1833,Netherlands,2011.0,81.1,5354.654
1834,Netherlands,2010.0,88.0,5338.255
1835,Netherlands,2009.0,86.0,519.349
1836,Netherlands,2008.0,83.0,56928.824
1837,Netherlands,2007.0,82.0,51241.316
1838,Netherlands,2006.0,79.8,44453.973
1839,Netherlands,2005.0,79.4,41577.168
1840,Netherlands,2004.0,79.2,39954.64
1841,Netherlands,2003.0,78.7,35245.164
1842,Netherlands,2002.0,78.4,28817.322
1843,Netherlands,2001.0,78.3,26584.121
1844,Netherlands,2000.0,78.1,25921.129
1845,New Zealand,2015.0,81.6,3821.8938
1846,New Zealand,2014.0,81.5,4453.2466
1847,New Zealand,2013.0,81.3,42889.883
1848,New Zealand,2012.0,81.1,3997.2563
1849,New Zealand,2011.0,86.0,38426.56
1850,New Zealand,2010.0,89.0,33691.348
1851,New Zealand,2009.0,85.0,282.94193
1852,New Zealand,2008.0,81.0,31287.78
1853,New Zealand,2007.0,81.0,3259.7346
1854,New Zealand,2006.0,79.9,2667.8645
1855,New Zealand,2005.0,79.9,2775.8953
1856,New Zealand,2004.0,79.2,2542.3994
1857,New Zealand,2003.0,79.1,21913.781
1858,New Zealand,2002.0,78.7,16874.312
1859,New Zealand,2001.0,78.5,13882.856
1860,New Zealand,2000.0,78.6,13641.127
1861,Nicaragua,2015.0,74.8,295.9665
1862,Nicaragua,2014.0,74.5,1975.4647
1863,Nicaragua,2013.0,73.9,1847.1985
1864,Nicaragua,2012.0,73.9,1792.3845
1865,Nicaragua,2011.0,74.5,1682.9579
1866,Nicaragua,2010.0,73.2,1526.4979
1867,Nicaragua,2009.0,73.2,1464.4978
1868,Nicaragua,2008.0,72.5,1518.8539
1869,Nicaragua,2007.0,72.5,1344.3187
1870,Nicaragua,2006.0,73.0,124.992615
1871,Nicaragua,2005.0,71.2,1175.1162
1872,Nicaragua,2004.0,71.0,191.55157
1873,Nicaragua,2003.0,76.0,115.565315
1874,Nicaragua,2002.0,75.0,11.147277
1875,Nicaragua,2001.0,73.0,143.6758
1876,Nicaragua,2000.0,73.0,116.2743
1877,Niger,2015.0,61.8,358.9973
1878,Niger,2014.0,61.4,43.6465
1879,Niger,2013.0,69.0,416.14838
1880,Niger,2012.0,63.0,391.51553
1881,Niger,2011.0,59.4,375.582
1882,Niger,2010.0,58.2,348.15152
1883,Niger,2009.0,57.1,341.28946
1884,Niger,2008.0,56.0,354.8186
1885,Niger,2007.0,55.2,292.55963
1886,Niger,2006.0,54.5,258.46387
1887,Niger,2005.0,53.7,25.383732
1888,Niger,2004.0,52.9,232.56616
1889,Niger,2003.0,52.1,215.8548
1890,Niger,2002.0,51.4,177.82838
1891,Niger,2001.0,56.0,165.25725
1892,Niger,2000.0,50.0,158.45598
1893,Nigeria,2015.0,54.5,2655.158
1894,Nigeria,2014.0,53.6,3221.6782
1895,Nigeria,2013.0,53.2,2996.9644
1896,Nigeria,2012.0,52.7,2755.2979
1897,Nigeria,2011.0,52.3,2527.9424
1898,Nigeria,2010.0,52.0,2327.3267
1899,Nigeria,2009.0,51.6,197.66142
1900,Nigeria,2008.0,59.0,1383.8933
1901,Nigeria,2007.0,55.0,1136.8296
1902,Nigeria,2006.0,49.8,119.743286
1903,Nigeria,2005.0,49.2,87.893875
1904,Nigeria,2004.0,48.5,648.81586
1905,Nigeria,2003.0,48.1,512.65717
1906,Nigeria,2002.0,47.7,459.4572
1907,Nigeria,2001.0,47.4,351.79965
1908,Nigeria,2000.0,47.1,379.11932
1910,Norway,2015.0,81.8,7455.2466
1911,Norway,2014.0,81.6,975.49854
1912,Norway,2013.0,81.5,1291.435
1913,Norway,2012.0,81.3,11563.727
1914,Norway,2011.0,81.1,1574.9861
1915,Norway,2010.0,81.0,87646.75
1916,Norway,2009.0,89.0,817.7768
1917,Norway,2008.0,86.0,9688.596
1918,Norway,2007.0,85.0,85128.66
1919,Norway,2006.0,84.0,74114.695
1920,Norway,2005.0,81.0,66775.39
1921,Norway,2004.0,79.8,5757.269
1922,Norway,2003.0,79.4,5111.6543
1923,Norway,2002.0,78.9,4361.154
1924,Norway,2001.0,78.8,38549.59
1925,Norway,2000.0,78.5,38146.715
1926,Oman,2015.0,76.6,16627.365
1927,Oman,2014.0,76.4,2458.4521
1928,Oman,2013.0,76.2,21268.756
1929,Oman,2012.0,76.0,22134.916
1930,Oman,2011.0,75.8,2986.36
1931,Oman,2010.0,75.6,1928.7474
1932,Oman,2009.0,75.4,16784.346
1933,Oman,2008.0,75.2,2275.3535
1934,Oman,2007.0,74.9,1585.1322
1935,Oman,2006.0,74.7,1448.55
1936,Oman,2005.0,74.3,12376.9795
1937,Oman,2004.0,74.0,1129.2888
1938,Oman,2003.0,73.6,969.8126
1939,Oman,2002.0,73.3,8629.118
1940,Oman,2001.0,72.9,8476.615
1941,Oman,2000.0,72.6,861.186
1942,Pakistan,2015.0,66.4,1431.2449
1943,Pakistan,2014.0,66.2,1316.9896
1944,Pakistan,2013.0,66.0,1272.4417
1945,Pakistan,2012.0,65.7,1261.2897
1946,Pakistan,2011.0,65.5,1226.2153
1947,Pakistan,2010.0,65.1,14.142268
1948,Pakistan,2009.0,64.8,16.63999
1949,Pakistan,2008.0,64.6,139.31288
1950,Pakistan,2007.0,64.4,95.43279
1951,Pakistan,2006.0,64.2,873.7727
1952,Pakistan,2005.0,62.9,711.47
1953,Pakistan,2004.0,63.7,649.8482
1954,Pakistan,2003.0,63.5,563.59436
1955,Pakistan,2002.0,63.2,499.8633
1956,Pakistan,2001.0,63.0,51.656815
1957,Pakistan,2000.0,62.8,533.8624
1959,Panama,2015.0,77.8,13134.437
1960,Panama,2014.0,77.6,12593.737
1961,Panama,2013.0,77.5,11685.9795
1962,Panama,2012.0,77.2,1589.8271
1963,Panama,2011.0,77.3,927.72314
1964,Panama,2010.0,76.5,7937.26
1965,Panama,2009.0,76.8,7429.6284
1966,Panama,2008.0,76.5,6973.928
1967,Panama,2007.0,76.4,668.8667
1968,Panama,2006.0,76.2,5348.5186
1969,Panama,2005.0,75.8,4916.549
1970,Panama,2004.0,75.8,4591.8926
1971,Panama,2003.0,75.5,4267.1357
1972,Panama,2002.0,75.7,4126.1465
1973,Panama,2001.0,75.5,446.37283
1974,Panama,2000.0,75.7,46.29935
1976,Papua New Guinea,2014.0,62.7,2182.7166
1977,Papua New Guinea,2013.0,62.4,229.95364
1978,Papua New Guinea,2012.0,62.2,271.31876
1979,Papua New Guinea,2011.0,62.0,177.86713
1980,Papua New Guinea,2010.0,61.8,1366.8792
1981,Papua New Guinea,2009.0,61.6,1166.6633
1982,Papua New Guinea,2008.0,61.4,1178.7247
1983,Papua New Guinea,2007.0,61.1,956.66895
1984,Papua New Guinea,2006.0,68.0,854.3469
1985,Papua New Guinea,2005.0,64.0,77.57735
1986,Papua New Guinea,2004.0,59.9,637.36163
1987,Papua New Guinea,2003.0,59.6,588.3583
1988,Papua New Guinea,2002.0,59.3,511.66577
1989,Papua New Guinea,2001.0,59.1,539.4153
1990,Papua New Guinea,2000.0,58.9,631.94684
1991,Paraguay,2015.0,74.0,419.36774
1992,Paraguay,2014.0,73.9,4712.8228
1993,Paraguay,2013.0,73.8,4479.9585
1994,Paraguay,2012.0,73.6,3855.5378
1995,Paraguay,2011.0,73.4,3988.119
1996,Paraguay,2010.0,73.2,3225.5918
1997,Paraguay,2009.0,73.0,2599.5962
1998,Paraguay,2008.0,72.7,359.9922
1999,Paraguay,2007.0,72.5,2312.1929
2000,Paraguay,2006.0,72.3,189.7154
2001,Paraguay,2005.0,72.1,157.14569
2002,Paraguay,2004.0,71.9,148.52797
2003,Paraguay,2003.0,71.7,1174.7793
2004,Paraguay,2002.0,71.5,1148.2299
2005,Paraguay,2001.0,71.2,1417.2659
2006,Paraguay,2000.0,79.0,1545.6265
2007,Peru,2015.0,75.5,63.343258
2008,Peru,2014.0,75.3,6491.5244
2009,Peru,2013.0,75.3,6583.116
2010,Peru,2012.0,74.9,6387.785
2011,Peru,2011.0,74.5,5771.566
2012,Peru,2010.0,73.7,522.49316
2013,Peru,2009.0,73.8,4166.934
2014,Peru,2008.0,73.9,428.8781
2015,Peru,2007.0,74.0,3611.2146
2016,Peru,2006.0,74.2,3171.4985
2017,Peru,2005.0,72.8,2754.783
2018,Peru,2004.0,72.2,2448.1438
2019,Peru,2003.0,72.1,218.25996
2020,Peru,2002.0,72.6,259.19296
2021,Peru,2001.0,72.4,1981.2437
2022,Peru,2000.0,71.4,1996.7197
2023,Philippines,2015.0,68.5,2878.3384
2024,Philippines,2014.0,68.4,2842.9382
2025,Philippines,2013.0,68.1,276.28915
2026,Philippines,2012.0,68.1,2581.8186
2027,Philippines,2011.0,68.0,2352.518
2028,Philippines,2010.0,67.9,2129.4993
2029,Philippines,2009.0,68.0,1825.3416
2030,Philippines,2008.0,67.5,1919.4662
2031,Philippines,2007.0,67.5,1672.6854
2032,Philippines,2006.0,67.3,1391.7723
2033,Philippines,2005.0,67.0,1194.6971
2034,Philippines,2004.0,67.3,179.3715
2035,Philippines,2003.0,67.2,11.553196
2036,Philippines,2002.0,66.8,1.68135
2037,Philippines,2001.0,66.8,957.2874
2038,Philippines,2000.0,66.8,138.91977
2039,Poland,2015.0,77.5,12565.987
2040,Poland,2014.0,77.3,14341.675
2041,Poland,2013.0,77.1,1378.5491
2042,Poland,2012.0,76.8,13145.148
2043,Poland,2011.0,76.7,13893.1875
2044,Poland,2010.0,76.3,12599.524
2045,Poland,2009.0,75.7,11527.593
2046,Poland,2008.0,75.5,141.44688
2047,Poland,2007.0,75.3,1126.3185
2048,Poland,2006.0,75.2,94.7726
2049,Poland,2005.0,75.0,821.2516
2050,Poland,2004.0,74.9,6681.1787
2051,Poland,2003.0,74.7,5693.524
2052,Poland,2002.0,74.5,5196.933
2053,Poland,2001.0,74.2,4981.1987
2054,Poland,2000.0,73.7,4492.7275
2055,Portugal,2015.0,81.1,1922.681
2056,Portugal,2014.0,89.0,2277.5361
2057,Portugal,2013.0,86.0,21618.734
2058,Portugal,2012.0,83.0,2577.4265
2059,Portugal,2011.0,82.0,23196.184
2060,Portugal,2010.0,79.6,22538.654
2061,Portugal,2009.0,79.3,2363.9717
2062,Portugal,2008.0,79.0,24815.688
2063,Portugal,2007.0,78.7,2278.5845
2064,Portugal,2006.0,78.5,19821.445
2065,Portugal,2005.0,77.7,18784.95
2066,Portugal,2004.0,78.0,1845.5881
2067,Portugal,2003.0,77.3,15772.733
2068,Portugal,2002.0,77.2,12882.289
2069,Portugal,2001.0,76.9,11729.146
2070,Portugal,2000.0,76.6,1152.3969
2071,Qatar,2015.0,78.2,66346.52
2072,Qatar,2014.0,78.1,86852.71
2073,Qatar,2013.0,77.9,8834.88
2074,Qatar,2012.0,77.8,88564.82
2075,Qatar,2011.0,77.5,85948.74
2076,Qatar,2010.0,77.3,736.22784
2077,Qatar,2009.0,77.0,61478.24
2078,Qatar,2008.0,76.8,82967.375
2079,Qatar,2007.0,76.7,675.6126
2080,Qatar,2006.0,76.6,6256.559
2081,Qatar,2005.0,76.6,51488.496
2082,Qatar,2004.0,76.6,41818.35
2083,Qatar,2003.0,76.5,34176.98
2084,Qatar,2002.0,76.4,2999.655
2085,Qatar,2001.0,76.3,2843.6362
2086,Qatar,2000.0,76.2,29986.291
2119,Romania,2015.0,75.0,8958.789
2120,Romania,2014.0,74.8,12.27733
2121,Romania,2013.0,74.6,9585.267
2122,Romania,2012.0,74.4,8558.397
2123,Romania,2011.0,74.3,92.277824
2124,Romania,2010.0,73.4,8297.483
2125,Romania,2009.0,73.1,822.1833
2126,Romania,2008.0,73.1,1136.4735
2127,Romania,2007.0,72.9,8214.186
2128,Romania,2006.0,72.5,5828.7456
2129,Romania,2005.0,71.9,4676.315
2130,Romania,2004.0,71.7,3552.9246
2131,Romania,2003.0,71.1,2774.9558
2132,Romania,2002.0,77.0,2124.8735
2133,Romania,2001.0,78.0,1839.7295
2134,Romania,2000.0,77.0,1668.1627
2135,Russian Federation,2015.0,75.0,9329.299
2136,Russian Federation,2014.0,73.0,14125.961
2137,Russian Federation,2013.0,70.0,15543.677
2138,Russian Federation,2012.0,69.6,15154.457
2139,Russian Federation,2011.0,69.4,14212.687
2140,Russian Federation,2010.0,68.4,1674.9877
2141,Russian Federation,2009.0,68.2,8562.8955
2142,Russian Federation,2008.0,67.5,11635.264
2143,Russian Federation,2007.0,67.3,911.25385
2144,Russian Federation,2006.0,66.4,692.1944
2145,Russian Federation,2005.0,65.0,5323.474
2146,Russian Federation,2004.0,64.9,412.37228
2147,Russian Federation,2003.0,64.6,2975.1328
2148,Russian Federation,2002.0,64.8,2375.5945
2149,Russian Federation,2001.0,65.1,21.362387
2150,Russian Federation,2000.0,65.0,1771.5867
2151,Rwanda,2015.0,66.1,71.3484
2152,Rwanda,2014.0,65.7,76.569954
2153,Rwanda,2013.0,65.2,688.87683
2154,Rwanda,2012.0,64.6,678.797
2155,Rwanda,2011.0,63.8,617.3176
2156,Rwanda,2010.0,62.8,563.4915
2157,Rwanda,2009.0,61.0,539.1538
2158,Rwanda,2008.0,68.0,5.6687264
2159,Rwanda,2007.0,59.6,44.85334
2160,Rwanda,2006.0,57.6,342.36563
2161,Rwanda,2005.0,55.3,287.9319
2162,Rwanda,2004.0,53.4,236.91144
2163,Rwanda,2003.0,52.0,212.66194
2164,Rwanda,2002.0,57.0,196.59778
2165,Rwanda,2001.0,48.6,21.569654
2166,Rwanda,2000.0,48.3,216.17274
2200,Samoa,2015.0,74.0,4149.3633
2201,Samoa,2014.0,73.8,4178.973
2202,Samoa,2013.0,73.6,4219.6514
2203,Samoa,2012.0,73.2,4234.554
2204,Samoa,2011.0,73.0,3942.9827
2205,Samoa,2010.0,72.6,3453.4875
2206,Samoa,2009.0,76.0,335.11282
2207,Samoa,2008.0,72.5,359.82224
2208,Samoa,2007.0,72.2,322.54312
2209,Samoa,2006.0,72.0,287.9639
2210,Samoa,2005.0,71.6,2571.2625
2211,Samoa,2004.0,71.4,2351.3381
2212,Samoa,2003.0,79.0,197.29417
2213,Samoa,2002.0,76.0,1631.4172
2214,Samoa,2001.0,75.0,1555.4745
2215,Samoa,2000.0,72.0,154.68922
2217,Sao Tome and Principe,2015.0,67.5,1624.6396
2218,Sao Tome and Principe,2014.0,67.3,1821.8788
2219,Sao Tome and Principe,2013.0,67.1,1619.5327
2220,Sao Tome and Principe,2012.0,66.9,138.94997
2221,Sao Tome and Principe,2011.0,66.6,134.32619
2222,Sao Tome and Principe,2010.0,66.2,1129.755
2223,Sao Tome and Principe,2009.0,65.8,199.57146
2224,Sao Tome and Principe,2008.0,65.4,1126.4622
2225,Sao Tome and Principe,2007.0,65.1,894.928
2226,Sao Tome and Principe,2006.0,64.7,843.8945
2227,Sao Tome and Principe,2005.0,64.3,81.86157
2228,Sao Tome and Principe,2004.0,63.8,693.3457
2229,Sao Tome and Principe,2003.0,63.4,649.34216
2230,Sao Tome and Principe,2002.0,63.1,555.81854
2231,Sao Tome and Principe,2001.0,62.8,51.21638
2233,Saudi Arabia,2015.0,74.5,2732.8618
2234,Saudi Arabia,2014.0,74.4,24575.434
2235,Saudi Arabia,2013.0,74.3,24934.387
2236,Saudi Arabia,2012.0,74.1,2533.9463
2237,Saudi Arabia,2011.0,73.9,2377.7473
2238,Saudi Arabia,2010.0,73.7,19259.588
2239,Saudi Arabia,2009.0,73.4,1694.2931
2240,Saudi Arabia,2008.0,73.3,237.83234
2241,Saudi Arabia,2007.0,73.2,16472.166
2242,Saudi Arabia,2006.0,73.2,15334.67
2243,Saudi Arabia,2005.0,73.1,13739.829
2244,Saudi Arabia,2004.0,73.1,11138.875
2245,Saudi Arabia,2003.0,73.0,9567.458
2246,Saudi Arabia,2002.0,72.9,8655.312
2247,Saudi Arabia,2001.0,72.8,8643.494
2248,Saudi Arabia,2000.0,72.6,9126.954
2249,Senegal,2015.0,66.7,98.72562
2250,Senegal,2014.0,66.4,152.44388
2251,Senegal,2013.0,66.0,148.91235
2252,Senegal,2012.0,65.6,136.4518
2253,Senegal,2011.0,64.9,18.25321
2254,Senegal,2010.0,64.3,11.631377
2255,Senegal,2009.0,63.5,12.566464
2256,Senegal,2008.0,62.8,11.33678
2257,Senegal,2007.0,62.1,95.39785
2258,Senegal,2006.0,61.3,89.838295
2259,Senegal,2005.0,65.0,773.8699
2260,Senegal,2004.0,59.7,733.5818
2261,Senegal,2003.0,59.0,642.7663
2262,Senegal,2002.0,58.4,513.26227
2263,Senegal,2001.0,57.9,481.28738
2264,Senegal,2000.0,57.5,473.45337
2265,Serbia,2015.0,75.6,5237.2554
2266,Serbia,2014.0,75.4,62.17322
2267,Serbia,2013.0,75.3,6353.826
2268,Serbia,2012.0,74.9,5659.3823
2269,Serbia,2011.0,74.6,6423.292
2270,Serbia,2010.0,74.4,5411.8774
2271,Serbia,2009.0,74.1,5821.354
2272,Serbia,2008.0,74.0,671.7739
2273,Serbia,2007.0,73.8,5458.1216
2274,Serbia,2006.0,73.6,4129.759
2275,Serbia,2005.0,73.0,3528.1318
2276,Serbia,2004.0,73.0,3331.2288
2277,Serbia,2003.0,73.0,2832.4966
2278,Serbia,2002.0,72.9,2149.9944
2279,Serbia,2001.0,73.1,1634.8756
2280,Serbia,2000.0,72.6,87.13653
2281,Seychelles,2015.0,73.2,1539.464
2282,Seychelles,2014.0,73.0,1557.7789
2283,Seychelles,2013.0,72.9,15687.348
2284,Seychelles,2012.0,72.7,12845.174
2285,Seychelles,2011.0,72.6,12189.951
2286,Seychelles,2010.0,72.4,184.68446
2287,Seychelles,2009.0,72.3,976.9566
2288,Seychelles,2008.0,72.2,11122.862
2289,Seychelles,2007.0,72.2,12154.83
2290,Seychelles,2006.0,72.2,1214.3999
2291,Seychelles,2005.0,72.2,1192.5175
2292,Seychelles,2004.0,72.1,1176.6587
2293,Seychelles,2003.0,72.1,8524.961
2294,Seychelles,2002.0,72.1,8331.262
2295,Seychelles,2001.0,72.0,7663.1377
2296,Seychelles,2000.0,71.8,7578.8516
2297,Sierra Leone,2015.0,51.0,587.5382
2298,Sierra Leone,2014.0,48.1,78.439476
2299,Sierra Leone,2013.0,54.0,71.8187
2300,Sierra Leone,2012.0,49.7,561.89844
2301,Sierra Leone,2011.0,48.9,445.525
2302,Sierra Leone,2010.0,48.1,45.128418
2303,Sierra Leone,2009.0,47.1,394.59323
2304,Sierra Leone,2008.0,46.2,46.37592
2305,Sierra Leone,2007.0,45.3,358.82748
2306,Sierra Leone,2006.0,44.3,322.31348
2307,Sierra Leone,2005.0,43.3,287.6892
2308,Sierra Leone,2004.0,42.3,263.1458
2309,Sierra Leone,2003.0,41.5,263.76184
2310,Sierra Leone,2002.0,48.0,249.93954
2311,Sierra Leone,2001.0,41.0,227.77946
2312,Sierra Leone,2000.0,39.0,139.31477
2313,Singapore,2015.0,83.1,53629.74
2314,Singapore,2014.0,82.9,56336.723
2315,Singapore,2013.0,82.7,5629.189
2316,Singapore,2012.0,82.5,54431.16
2317,Singapore,2011.0,82.2,53166.676
2318,Singapore,2010.0,82.0,46569.68
2319,Singapore,2009.0,81.7,38577.56
2320,Singapore,2008.0,81.4,39721.48
2321,Singapore,2007.0,81.1,39223.582
2322,Singapore,2006.0,87.0,33579.86
2323,Singapore,2005.0,82.0,29869.854
2324,Singapore,2004.0,79.7,2745.2712
2325,Singapore,2003.0,79.3,23573.629
2326,Singapore,2002.0,79.0,2216.8328
2327,Singapore,2001.0,78.7,21577.783
2328,Singapore,2000.0,78.3,23792.678
2345,Slovenia,2015.0,88.0,2729.8638
2346,Slovenia,2014.0,87.0,242.67287
2347,Slovenia,2013.0,85.0,2315.3179
2348,Slovenia,2012.0,82.0,22486.47
2349,Slovenia,2011.0,79.8,24985.248
2350,Slovenia,2010.0,79.5,23437.473
2351,Slovenia,2009.0,79.1,24633.797
2352,Slovenia,2008.0,78.9,2751.8127
2353,Slovenia,2007.0,78.3,23841.318
2354,Slovenia,2006.0,78.1,19726.127
2355,Slovenia,2005.0,77.5,18169.19
2356,Slovenia,2004.0,77.2,1726.915
2357,Slovenia,2003.0,76.5,1488.4716
2358,Slovenia,2002.0,76.6,11814.999
2359,Slovenia,2001.0,76.2,1479.2964
2360,Slovenia,2000.0,76.0,1227.7368
2361,Solomon Islands,2015.0,69.2,1922.414
2362,Solomon Islands,2014.0,68.8,29.652622
2363,Solomon Islands,2013.0,68.8,188.5159
2364,Solomon Islands,2012.0,68.7,1858.6898
2365,Solomon Islands,2011.0,68.5,1642.838
2366,Solomon Islands,2010.0,68.3,1272.4482
2367,Solomon Islands,2009.0,68.1,1158.2827
2368,Solomon Islands,2008.0,68.0,125.79167
2369,Solomon Islands,2007.0,67.6,146.93112
2370,Solomon Islands,2006.0,67.6,948.65924
2371,Solomon Islands,2005.0,67.4,88.874855
2372,Solomon Islands,2004.0,67.1,818.4426
2373,Solomon Islands,2003.0,66.8,744.76575
2374,Solomon Islands,2002.0,66.5,784.9563
2375,Solomon Islands,2001.0,66.2,944.81683
2376,Solomon Islands,2000.0,65.8,154.51857
2377,Somalia,2015.0,55.0,426.98538
2378,Somalia,2014.0,54.3,417.89142
2379,Somalia,2013.0,54.2,47.543236
2393,South Africa,2015.0,62.9,5769.7725
2394,South Africa,2014.0,62.0,6479.6255
2395,South Africa,2013.0,69.0,6876.9536
2396,South Africa,2012.0,59.2,7548.1636
2397,South Africa,2011.0,58.9,849.9542
2398,South Africa,2010.0,58.0,7362.761
2399,South Africa,2009.0,56.5,5888.6284
2400,South Africa,2008.0,55.3,5786.5996
2401,South Africa,2007.0,54.5,6125.4
2402,South Africa,2006.0,54.0,5631.735
2403,South Africa,2005.0,53.8,5414.6343
2404,South Africa,2004.0,53.7,4863.517
2405,South Africa,2003.0,54.0,3775.6829
2406,South Africa,2002.0,54.9,2518.3982
2407,South Africa,2001.0,56.0,2681.781
2408,South Africa,2000.0,57.3,337.2253
2409,South Sudan,2015.0,57.3,758.72577
2410,South Sudan,2014.0,56.6,1151.8617
2411,South Sudan,2013.0,56.4,1186.1133
2412,South Sudan,2012.0,56.0,958.4558
2413,South Sudan,2011.0,55.4,176.9713
2414,South Sudan,2010.0,55.0,1562.2394
2415,South Sudan,2009.0,54.3,1264.79
2416,South Sudan,2008.0,53.6,1678.7119
2425,Spain,2015.0,82.8,25683.846
2426,Spain,2014.0,82.6,296.47226
2427,Spain,2013.0,82.4,2921.934
2428,Spain,2012.0,82.0,28562.293
2429,Spain,2011.0,82.1,31834.219
2430,Spain,2010.0,81.9,3736.228
2431,Spain,2009.0,81.6,32333.467
2432,Spain,2008.0,81.3,35578.734
2433,Spain,2007.0,89.0,3279.414
2434,Spain,2006.0,88.0,28482.695
2435,Spain,2005.0,81.0,2651.7175
2436,Spain,2004.0,81.0,24918.646
2437,Spain,2003.0,79.4,21495.773
2438,Spain,2002.0,79.5,1719.5354
2439,Spain,2001.0,79.4,15323.611
2440,Spain,2000.0,79.1,14676.769
2441,Sri Lanka,2015.0,74.9,3844.891
2442,Sri Lanka,2014.0,74.7,382.54993
2443,Sri Lanka,2013.0,74.6,361.28937
2444,Sri Lanka,2012.0,74.5,335.52136
2445,Sri Lanka,2011.0,74.5,322.9926
2446,Sri Lanka,2010.0,74.5,2819.5112
2447,Sri Lanka,2009.0,71.8,216.68158
2448,Sri Lanka,2008.0,72.3,254.4892
2449,Sri Lanka,2007.0,73.7,1644.8164
2450,Sri Lanka,2006.0,73.8,1448.7611
2451,Sri Lanka,2005.0,74.2,1259.8759
2452,Sri Lanka,2004.0,69.1,174.6692
2453,Sri Lanka,2003.0,73.9,989.4548
2454,Sri Lanka,2002.0,73.7,873.1472
2455,Sri Lanka,2001.0,72.7,837.69977
2456,Sri Lanka,2000.0,71.5,875.4122
2457,Sudan,2015.0,64.1,2513.8848
2458,Sudan,2014.0,63.8,2176.8982
2459,Sudan,2013.0,63.5,1955.668
2460,Sudan,2012.0,63.2,1892.8944
2461,Sudan,2011.0,62.7,1666.8578
2462,Sudan,2010.0,62.5,1476.4789
2463,Sudan,2009.0,62.0,1226.8844
2464,Sudan,2008.0,61.8,1291.5288
2465,Sudan,2007.0,61.4,1115.6952
2466,Sudan,2006.0,61.0,893.8794
2467,Sudan,2005.0,67.0,679.75397
2468,Sudan,2004.0,59.7,565.56946
2469,Sudan,2003.0,59.6,477.73846
2470,Sudan,2002.0,59.4,412.15176
2471,Sudan,2001.0,58.9,377.52545
2472,Sudan,2000.0,58.6,361.35843
2473,Suriname,2015.0,71.6,8818.982
2474,Suriname,2014.0,71.4,9564.464
2475,Suriname,2013.0,71.2,9484.569
2476,Suriname,2012.0,71.3,9272.413
2477,Suriname,2011.0,76.0,8318.977
2478,Suriname,2010.0,73.0,833.3133
2479,Suriname,2009.0,70.0,7443.8516
2480,Suriname,2008.0,69.8,6858.163
2481,Suriname,2007.0,69.5,5761.3955
2482,Suriname,2006.0,69.3,527.92
2483,Suriname,2005.0,68.9,3595.8855
2484,Suriname,2004.0,68.3,36.48773
2485,Suriname,2003.0,68.0,263.1399
2486,Suriname,2002.0,67.9,2232.5132
2487,Suriname,2001.0,67.7,1598.7751
2488,Suriname,2000.0,67.4,1888.6183
2489,Swaziland,2015.0,58.9,3136.925
2490,Swaziland,2014.0,58.4,3464.3518
2491,Swaziland,2013.0,57.6,3598.7598
2492,Swaziland,2012.0,56.5,3851.5154
2493,Swaziland,2011.0,55.0,3934.2732
2494,Swaziland,2010.0,53.6,369.23935
2495,Swaziland,2009.0,52.6,332.51712
2496,Swaziland,2008.0,51.4,2842.4385
2497,Swaziland,2007.0,50.0,347.48798
2498,Swaziland,2006.0,47.8,2937.3672
2499,Swaziland,2005.0,46.0,2873.862
2500,Swaziland,2004.0,45.6,2529.6335
2501,Swaziland,2003.0,45.9,22.99449
2502,Swaziland,2002.0,46.4,1324.9962
2503,Swaziland,2001.0,47.1,1437.635
2504,Swaziland,2000.0,48.4,1637.4567
2505,Sweden,2015.0,82.4,5585.2583
2506,Sweden,2014.0,82.3,5918.199
2507,Sweden,2013.0,81.9,6283.245
2508,Sweden,2012.0,81.7,57134.777
2509,Sweden,2011.0,81.7,59593.29
2510,Sweden,2010.0,81.5,5276.256
2511,Sweden,2009.0,81.4,4627.592
2512,Sweden,2008.0,81.1,55746.844
2513,Sweden,2007.0,89.0,53324.38
2514,Sweden,2006.0,88.0,46256.473
2515,Sweden,2005.0,85.0,4385.353
2516,Sweden,2004.0,83.0,42442.223
2517,Sweden,2003.0,82.0,36961.426
2518,Sweden,2002.0,79.9,29571.744
2519,Sweden,2001.0,79.8,26969.244
2520,Sweden,2000.0,79.6,29283.55
2521,Switzerland,2015.0,83.4,8989.843
2522,Switzerland,2014.0,83.2,85814.586
2523,Switzerland,2013.0,83.0,84658.89
2524,Switzerland,2012.0,82.7,83164.39
2525,Switzerland,2011.0,82.6,87998.445
2526,Switzerland,2010.0,82.3,74276.72
2527,Switzerland,2009.0,82.1,69672.47
2528,Switzerland,2008.0,82.0,72119.57
2529,Switzerland,2007.0,81.7,63223.47
2530,Switzerland,2006.0,81.5,57348.93
2531,Switzerland,2005.0,81.1,54797.547
2532,Switzerland,2004.0,81.0,53255.977
2533,Switzerland,2003.0,85.0,4796.565
2534,Switzerland,2002.0,84.0,41336.723
2535,Switzerland,2001.0,82.0,38538.645
2536,Switzerland,2000.0,79.7,37813.234
2545,Syrian Arab Republic,2007.0,73.8,258.3529
2546,Syrian Arab Republic,2006.0,73.7,1762.2462
2547,Syrian Arab Republic,2005.0,73.5,1577.4572
2548,Syrian Arab Republic,2004.0,73.2,148.85274
2549,Syrian Arab Republic,2003.0,73.0,1253.3915
2550,Syrian Arab Republic,2002.0,72.8,1263.1345
2551,Syrian Arab Republic,2001.0,72.7,1258.422
2552,Syrian Arab Republic,2000.0,72.6,1177.6293
2553,Tajikistan,2015.0,69.7,918.6771
2554,Tajikistan,2014.0,69.6,114.45919
2555,Tajikistan,2013.0,69.3,14.214412
2556,Tajikistan,2012.0,68.8,954.7253
2557,Tajikistan,2011.0,68.1,834.5413
2558,Tajikistan,2010.0,67.3,738.34753
2559,Tajikistan,2009.0,66.7,666.3459
2560,Tajikistan,2008.0,66.4,76.91413
2561,Tajikistan,2007.0,66.1,52.35956
2562,Tajikistan,2006.0,65.9,44.287266
2563,Tajikistan,2005.0,65.5,337.35922
2564,Tajikistan,2004.0,65.9,39.281834
2565,Tajikistan,2003.0,65.2,236.31444
2566,Tajikistan,2002.0,64.3,189.38785
2567,Tajikistan,2001.0,64.0,17.815971
2568,Tajikistan,2000.0,63.7,138.43663
2569,Thailand,2015.0,74.9,5814.8633
2570,Thailand,2014.0,74.6,5941.847
2571,Thailand,2013.0,74.5,6171.262
2572,Thailand,2012.0,74.3,5859.9155
2573,Thailand,2011.0,74.1,5491.16
2574,Thailand,2010.0,73.9,575.3218
2575,Thailand,2009.0,73.7,4212.5493
2576,Thailand,2008.0,73.5,4378.6875
2577,Thailand,2007.0,73.3,3972.2646
2578,Thailand,2006.0,73.0,3368.9526
2579,Thailand,2005.0,72.5,2893.6514
2580,Thailand,2004.0,71.6,2659.839
2581,Thailand,2003.0,71.7,2358.9363
2582,Thailand,2002.0,71.4,296.54617
2583,Thailand,2001.0,71.2,1893.1454
2584,Thailand,2000.0,71.1,27.564825
2601,Timor-Leste,2015.0,68.3,1161.7694
2602,Timor-Leste,2014.0,68.0,1153.5157
2603,Timor-Leste,2013.0,67.7,117.76567
2604,Timor-Leste,2012.0,67.4,1117.7772
2605,Timor-Leste,2011.0,67.2,114.56179
2606,Timor-Leste,2010.0,66.9,849.8627
2607,Timor-Leste,2009.0,66.6,757.31146
2608,Timor-Leste,2008.0,66.2,643.7191
2609,Timor-Leste,2007.0,65.8,524.89594
2610,Timor-Leste,2006.0,64.9,441.53226
2611,Timor-Leste,2005.0,63.7,478.33185
2612,Timor-Leste,2004.0,62.3,467.54382
2613,Timor-Leste,2003.0,61.0,471.45657
2614,Timor-Leste,2002.0,62.0,48.61552
2615,Timor-Leste,2001.0,59.4,56.424988
2616,Timor-Leste,2000.0,58.7,422.28632
2617,Togo,2015.0,59.9,551.13837
2618,Togo,2014.0,59.7,62.131847
2619,Togo,2013.0,59.4,579.4349
2620,Togo,2012.0,58.9,563.68945
2621,Togo,2011.0,58.3,562.33936
2622,Togo,2010.0,57.4,487.9239
2623,Togo,2009.0,56.7,499.64688
2624,Togo,2008.0,56.2,513.3919
2625,Togo,2007.0,55.9,42.764744
2626,Togo,2006.0,55.7,377.3363
2627,Togo,2005.0,55.0,372.17218
2628,Togo,2004.0,54.9,349.9937
2629,Togo,2003.0,54.7,31.437143
2630,Togo,2002.0,54.7,28.832123
2631,Togo,2001.0,54.6,26.639465
2632,Togo,2000.0,54.6,26.393293
2633,Tonga,2015.0,73.5,493.7754
2634,Tonga,2014.0,73.3,4192.3496
2635,Tonga,2013.0,73.2,4266.557
2636,Tonga,2012.0,73.0,451.54245
2637,Tonga,2011.0,72.9,445.18866
2638,Tonga,2010.0,72.8,3547.5999
2639,Tonga,2009.0,72.5,37.84656
2640,Tonga,2008.0,72.6,3392.6475
2641,Tonga,2007.0,72.5,2932.316
2642,Tonga,2006.0,72.4,2892.5227
2643,Tonga,2005.0,72.3,2594.75
2644,Tonga,2004.0,72.2,2284.3787
2645,Tonga,2003.0,72.0,229.71472
2646,Tonga,2002.0,71.9,1842.4442
2647,Tonga,2001.0,71.8,1837.9774
2648,Tonga,2000.0,71.6,263.27237
2649,Trinidad and Tobago,2015.0,71.2,17321.834
2650,Trinidad and Tobago,2014.0,71.1,19325.242
2651,Trinidad and Tobago,2013.0,71.0,1967.8329
2652,Trinidad and Tobago,2012.0,78.0,19152.531
2653,Trinidad and Tobago,2011.0,76.0,1953.9767
2654,Trinidad and Tobago,2010.0,74.0,16683.945
2655,Trinidad and Tobago,2009.0,71.0,1458.8796
2656,Trinidad and Tobago,2008.0,69.9,21188.12
2657,Trinidad and Tobago,2007.0,69.7,1653.1844
2658,Trinidad and Tobago,2006.0,69.6,1495.9634
2659,Trinidad and Tobago,2005.0,69.5,12323.128
2660,Trinidad and Tobago,2004.0,69.4,129.51913
2661,Trinidad and Tobago,2003.0,69.3,884.5187
2662,Trinidad and Tobago,2002.0,69.2,749.6266
2663,Trinidad and Tobago,2001.0,69.1,6935.7217
2664,Trinidad and Tobago,2000.0,69.1,643.94727
2665,Tunisia,2015.0,75.3,3828.9158
2666,Tunisia,2014.0,75.1,4271.6816
2667,Tunisia,2013.0,74.9,4199.4727
2668,Tunisia,2012.0,74.9,4137.554
2669,Tunisia,2011.0,74.8,4256.9126
2670,Tunisia,2010.0,74.8,414.15176
2671,Tunisia,2009.0,74.7,4129.9775
2672,Tunisia,2008.0,74.7,431.9326
2673,Tunisia,2007.0,74.6,3778.184
2674,Tunisia,2006.0,74.4,3371.7124
2675,Tunisia,2005.0,74.2,3194.5623
2676,Tunisia,2004.0,74.0,3112.8352
2677,Tunisia,2003.0,73.7,2761.9692
2678,Tunisia,2002.0,73.5,2346.5938
2679,Tunisia,2001.0,73.2,2254.933
2680,Tunisia,2000.0,72.9,2213.9148
2681,Turkey,2015.0,75.8,1979.5256
2682,Turkey,2014.0,75.5,12127.226
2683,Turkey,2013.0,75.2,12542.936
2684,Turkey,2012.0,74.8,1172.3843
2685,Turkey,2011.0,74.5,11341.134
2686,Turkey,2010.0,74.2,1672.5693
2687,Turkey,2009.0,73.9,936.49994
2688,Turkey,2008.0,73.5,185.68974
2689,Turkey,2007.0,73.2,979.49243
2690,Turkey,2006.0,72.8,834.86914
2691,Turkey,2005.0,72.4,7384.3545
2692,Turkey,2004.0,72.0,64.72953
2693,Turkey,2003.0,71.6,4718.5127
2694,Turkey,2002.0,71.2,366.57
2695,Turkey,2001.0,78.0,3119.6372
2696,Turkey,2000.0,74.0,4316.5537
2697,Turkmenistan,2015.0,66.3,6432.669
2698,Turkmenistan,2014.0,66.0,7962.3657
2699,Turkmenistan,2013.0,65.4,734.42523
2700,Turkmenistan,2012.0,65.6,6675.263
2701,Turkmenistan,2011.0,65.6,5649.9785
2702,Turkmenistan,2010.0,65.8,4439.23
2703,Turkmenistan,2009.0,65.6,436.45923
2704,Turkmenistan,2008.0,64.5,394.46768
2705,Turkmenistan,2007.0,64.1,26.371428
2706,Turkmenistan,2006.0,63.7,2136.6682
2707,Turkmenistan,2005.0,63.3,174.51476
2708,Turkmenistan,2004.0,63.5,1453.9171
2709,Turkmenistan,2003.0,63.4,1283.886
2710,Turkmenistan,2002.0,63.3,967.9175
2711,Turkmenistan,2001.0,64.0,774.4763
2712,Turkmenistan,2000.0,63.8,643.1752
2714,Uganda,2015.0,62.3,693.89636
2715,Uganda,2014.0,61.5,719.17267
2716,Uganda,2013.0,67.0,662.4923
2717,Uganda,2012.0,60.0,647.74744
2718,Uganda,2011.0,59.3,584.39624
2719,Uganda,2010.0,58.4,594.99725
2720,Uganda,2009.0,57.5,647.1773
2721,Uganda,2008.0,56.3,449.6928
2722,Uganda,2007.0,55.5,41.85863
2723,Uganda,2006.0,54.9,336.45938
2724,Uganda,2005.0,53.2,315.78824
2725,Uganda,2004.0,51.3,288.23694
2726,Uganda,2003.0,51.0,237.99959
2727,Uganda,2002.0,48.8,24.242323
2728,Uganda,2001.0,47.7,234.98477
2729,Uganda,2000.0,46.6,257.6337
2730,Ukraine,2015.0,71.3,2124.6626
2731,Ukraine,2014.0,78.0,314.6583
2732,Ukraine,2013.0,71.0,429.71555
2733,Ukraine,2012.0,77.0,3855.4214
2734,Ukraine,2011.0,75.0,3569.7573
2735,Ukraine,2010.0,69.8,2965.1423
2736,Ukraine,2009.0,69.2,2545.4834
2737,Ukraine,2008.0,67.7,3891.3782
2738,Ukraine,2007.0,67.5,368.68997
2739,Ukraine,2006.0,67.7,233.18831
2740,Ukraine,2005.0,67.0,1828.7177
2741,Ukraine,2004.0,67.4,1367.3524
2742,Ukraine,2003.0,67.6,148.52249
2743,Ukraine,2002.0,67.6,879.47546
2744,Ukraine,2001.0,67.7,78.73824
2745,Ukraine,2000.0,67.5,635.7896
2746,United Arab Emirates,2015.0,77.1,3911.7468
2747,United Arab Emirates,2014.0,76.9,44449.742
2748,United Arab Emirates,2013.0,76.7,4335.6426
2749,United Arab Emirates,2012.0,76.5,42112.234
2750,United Arab Emirates,2011.0,76.3,4462.313
2751,United Arab Emirates,2010.0,76.2,3549.1484
2752,United Arab Emirates,2009.0,76.0,3372.5752
2753,United Arab Emirates,2008.0,75.8,45758.957
2754,United Arab Emirates,2007.0,75.6,42672.613
2755,United Arab Emirates,2006.0,75.4,42372.223
2756,United Arab Emirates,2005.0,75.3,39439.82
2757,United Arab Emirates,2004.0,75.1,36161.176
2758,United Arab Emirates,2003.0,74.9,3323.5232
2759,United Arab Emirates,2002.0,74.7,31311.36
2760,United Arab Emirates,2001.0,74.5,3161.5293
2761,United Arab Emirates,2000.0,74.2,3371.2688
2810,Uruguay,2015.0,77.0,15524.843
2811,Uruguay,2014.0,76.8,16737.898
2812,Uruguay,2013.0,76.8,16881.256
2813,Uruguay,2012.0,76.5,1592.6819
2814,Uruguay,2011.0,77.0,14166.5
2815,Uruguay,2010.0,76.3,11938.212
2816,Uruguay,2009.0,76.6,9415.174
2817,Uruguay,2008.0,76.4,962.31213
2818,Uruguay,2007.0,75.4,79.69746
2819,Uruguay,2006.0,76.2,5877.877
2820,Uruguay,2005.0,75.7,522.9511
2821,Uruguay,2004.0,75.4,4117.3887
2822,Uruguay,2003.0,75.4,3622.523
2823,Uruguay,2002.0,75.4,488.76886
2824,Uruguay,2001.0,75.2,6281.3774
2825,Uruguay,2000.0,75.1,6871.8975
2826,Uzbekistan,2015.0,69.4,2137.577
2827,Uzbekistan,2014.0,69.2,25.448414
2828,Uzbekistan,2013.0,69.1,197.55124
2829,Uzbekistan,2012.0,68.8,174.46829
2830,Uzbekistan,2011.0,68.5,1564.9669
2831,Uzbekistan,2010.0,68.3,1377.8214
2832,Uzbekistan,2009.0,68.0,1213.2654
2833,Uzbekistan,2008.0,67.9,182.28625
2834,Uzbekistan,2007.0,67.8,83.476944
2835,Uzbekistan,2006.0,67.6,654.2838
2836,Uzbekistan,2005.0,67.3,546.77686
2837,Uzbekistan,2004.0,67.8,465.11987
2838,Uzbekistan,2003.0,67.2,396.12997
2839,Uzbekistan,2002.0,67.1,383.3495
2840,Uzbekistan,2001.0,67.4,456.7349
2841,Uzbekistan,2000.0,67.1,558.2211
2842,Vanuatu,2015.0,72.0,285.83414
2843,Vanuatu,2014.0,71.7,3148.3652
2844,Vanuatu,2013.0,71.6,3167.3435
2845,Vanuatu,2012.0,71.4,3158.587
2846,Vanuatu,2011.0,71.2,3275.9167
2847,Vanuatu,2010.0,71.0,2965.8242
2848,Vanuatu,2009.0,78.0,2643.4414
2849,Vanuatu,2008.0,75.0,2697.9614
2850,Vanuatu,2007.0,73.0,2393.3672
2851,Vanuatu,2006.0,71.0,247.97823
2852,Vanuatu,2005.0,69.9,1886.4333
2853,Vanuatu,2004.0,69.6,1787.9473
2854,Vanuatu,2003.0,69.4,158.52724
2855,Vanuatu,2002.0,69.3,1353.9348
2856,Vanuatu,2001.0,69.1,1362.6173
2857,Vanuatu,2000.0,69.0,1469.8491
2906,Zambia,2015.0,61.8,1313.8896
2907,Zambia,2014.0,61.1,1738.8822
2908,Zambia,2013.0,63.0,185.79337
2909,Zambia,2012.0,59.2,1734.9362
2910,Zambia,2011.0,58.2,1644.6196
2911,Zambia,2010.0,58.0,1463.2136
2912,Zambia,2009.0,57.4,1139.1123
2913,Zambia,2008.0,55.7,1369.6825
2914,Zambia,2007.0,52.6,114.58798
2915,Zambia,2006.0,58.0,13.154199
2916,Zambia,2005.0,49.3,691.3178
2917,Zambia,2004.0,47.9,53.27722
2918,Zambia,2003.0,46.4,429.15836
2919,Zambia,2002.0,45.5,377.13525
2920,Zambia,2001.0,44.6,378.27362
2921,Zambia,2000.0,43.8,341.95563
2922,Zimbabwe,2015.0,67.0,118.69383
2923,Zimbabwe,2014.0,59.2,127.47462
2924,Zimbabwe,2013.0,58.0,111.227394
2925,Zimbabwe,2012.0,56.6,955.64844
2926,Zimbabwe,2011.0,54.9,839.9279
2927,Zimbabwe,2010.0,52.4,713.6356
2928,Zimbabwe,2009.0,50.0,65.82412
2929,Zimbabwe,2008.0,48.2,325.67856
2930,Zimbabwe,2007.0,46.6,396.99823
2931,Zimbabwe,2006.0,45.4,414.79623
2932,Zimbabwe,2005.0,44.6,444.76575
2933,Zimbabwe,2004.0,44.3,454.36667
2934,Zimbabwe,2003.0,44.5,453.35117
2935,Zimbabwe,2002.0,44.8,57.34834
2936,Zimbabwe,2001.0,45.3,548.58734
2937,Zimbabwe,2000.0,46.0,547.3589
