,Country,Year,Life expectancy ,Population
0,Afghanistan,2015,65.0,33736494.0
1,Afghanistan,2014,59.9,327582.0
2,Afghanistan,2013,59.9,31731688.0
3,Afghanistan,2012,59.5,3696958.0
4,Afghanistan,2011,59.2,2978599.0
5,Afghanistan,2010,58.8,2883167.0
6,Afghanistan,2009,58.6,284331.0
7,Afghanistan,2008,58.1,2729431.0
8,Afghanistan,2007,57.5,26616792.0
9,Afghanistan,2006,57.3,2589345.0
10,Afghanistan,2005,57.3,257798.0
11,Afghanistan,2004,57.0,24118979.0
12,Afghanistan,2003,56.7,2364851.0
13,Afghanistan,2002,56.2,21979923.0
14,Afghanistan,2001,55.3,2966463.0
15,Afghanistan,2000,54.8,293756.0
16,Albania,2015,77.8,28873.0
17,Albania,2014,77.5,288914.0
18,Albania,2013,77.2,289592.0
19,Albania,2012,76.9,2941.0
20,Albania,2011,76.6,295195.0
21,Albania,2010,76.2,291321.0
22,Albania,2009,76.1,2927519.0
23,Albania,2008,75.3,2947314.0
24,Albania,2007,75.9,29717.0
25,Albania,2006,74.2,2992547.0
26,Albania,2005,73.5,311487.0
27,Albania,2004,73.0,326939.0
28,Albania,2003,72.8,339616.0
29,Albania,2002,73.3,3511.0
30,Albania,2001,73.6,36173.0
31,Albania,2000,72.6,38927.0
32,Algeria,2015,75.6,39871528.0
33,Algeria,2014,75.4,39113313.0
34,Algeria,2013,75.3,38338562.0
35,Algeria,2012,75.1,37565847.0
36,Algeria,2011,74.9,36819558.0
37,Algeria,2010,74.7,36117637.0
38,Algeria,2009,74.4,3546576.0
39,Algeria,2008,74.1,3486715.0
40,Algeria,2007,73.8,34376.0
41,Algeria,2006,73.4,33777915.0
42,Algeria,2005,72.9,33288437.0
43,Algeria,2004,72.3,3283196.0
44,Algeria,2003,71.7,3243514.0
45,Algeria,2002,71.6,3199546.0
46,Algeria,2001,71.4,31592153.0
47,Algeria,2000,71.3,3118366.0
48,Angola,2015,52.4,2785935.0
49,Angola,2014,51.7,2692466.0
50,Angola,2013,51.1,2599834.0
51,Angola,2012,56.0,259615.0
52,Angola,2011,51.0,24218565.0
53,Angola,2010,49.6,23369131.0
54,Angola,2009,49.1,22549547.0
55,Angola,2008,48.7,2175942.0
56,Angola,2007,48.2,2997687.0
57,Angola,2006,47.7,2262399.0
58,Angola,2005,47.4,19552542.0
59,Angola,2004,47.1,18865716.0
60,Angola,2003,46.8,1823369.0
61,Angola,2002,46.5,17572649.0
62,Angola,2001,45.7,16983266.0
63,Angola,2000,45.3,1644924.0
80,Argentina,2015,76.3,43417765.0
81,Argentina,2014,76.2,42981515.0
82,Argentina,2013,76.0,42539925.0
83,Argentina,2012,75.9,4296739.0
84,Argentina,2011,75.7,41656879.0
85,Argentina,2010,75.5,41223889.0
86,Argentina,2009,75.6,479947.0
87,Argentina,2008,75.4,4382389.0
88,Argentina,2007,74.8,3997224.0
89,Argentina,2006,75.2,3955889.0
90,Argentina,2005,74.9,39145488.0
91,Argentina,2004,74.7,38728696.0
92,Argentina,2003,74.1,3839379.0
93,Argentina,2002,74.1,3788937.0
94,Argentina,2001,74.0,3747159.0
95,Argentina,2000,74.1,3757452.0
96,Armenia,2015,74.8,291695.0
97,Armenia,2014,74.6,29622.0
98,Armenia,2013,74.4,289359.0
99,Armenia,2012,74.4,2881922.0
100,Armenia,2011,73.9,2875581.0
101,Armenia,2010,73.5,2877311.0
102,Armenia,2009,73.3,2888584.0
103,Armenia,2008,73.2,29822.0
104,Armenia,2007,73.5,293356.0
105,Armenia,2006,72.9,29585.0
106,Armenia,2005,73.0,2981259.0
107,Armenia,2004,73.0,3612.0
108,Armenia,2003,72.7,31786.0
109,Armenia,2002,72.6,333897.0
110,Armenia,2001,72.6,35655.0
111,Armenia,2000,72.0,369588.0
112,Australia,2015,82.8,23789338.0
113,Australia,2014,82.7,2346694.0
114,Australia,2013,82.5,23117353.0
115,Australia,2012,82.3,22728254.0
116,Australia,2011,82.0,223424.0
117,Australia,2010,81.9,223175.0
118,Australia,2009,81.7,216917.0
119,Australia,2008,81.3,212492.0
120,Australia,2007,81.3,28276.0
121,Australia,2006,81.2,26979.0
122,Australia,2005,81.0,23948.0
123,Australia,2004,86.0,21274.0
124,Australia,2003,83.0,198954.0
125,Australia,2002,79.9,196514.0
126,Australia,2001,79.9,19413.0
127,Australia,2000,79.5,19153.0
128,Austria,2015,81.5,8633169.0
129,Austria,2014,81.4,8541575.0
130,Austria,2013,81.1,8479375.0
131,Austria,2012,88.0,8429991.0
132,Austria,2011,88.0,8391643.0
133,Austria,2010,84.0,836344.0
134,Austria,2009,82.0,8343323.0
135,Austria,2008,84.0,8321496.0
136,Austria,2007,81.0,8295487.0
137,Austria,2006,79.8,8268641.0
138,Austria,2005,79.4,8227829.0
139,Austria,2004,79.3,8171966.0
140,Austria,2003,78.8,8121423.0
141,Austria,2002,78.7,881957.0
142,Austria,2001,78.6,842293.0
143,Austria,2000,78.1,811566.0
144,Azerbaijan,2015,72.7,9649341.0
145,Azerbaijan,2014,72.5,953579.0
146,Azerbaijan,2013,72.2,941681.0
147,Azerbaijan,2012,71.9,9295784.0
148,Azerbaijan,2011,71.6,917382.0
149,Azerbaijan,2010,71.1,954332.0
150,Azerbaijan,2009,78.0,8947243.0
151,Azerbaijan,2008,73.0,87634.0
152,Azerbaijan,2007,73.0,85813.0
153,Azerbaijan,2006,69.2,848455.0
154,Azerbaijan,2005,68.4,839185.0
155,Azerbaijan,2004,68.4,8365.0
156,Azerbaijan,2003,67.8,82341.0
157,Azerbaijan,2002,67.8,817195.0
158,Azerbaijan,2001,67.5,81112.0
159,Azerbaijan,2000,66.6,8486.0
192,Bangladesh,2015,71.8,1612886.0
193,Bangladesh,2014,71.4,15945279.0
194,Bangladesh,2013,71.0,157571292.0
195,Bangladesh,2012,77.0,15572753.0
196,Bangladesh,2011,73.0,153911916.0
197,Bangladesh,2010,69.9,15214912.0
198,Bangladesh,2009,69.5,1545478.0
199,Bangladesh,2008,69.1,14885814.0
200,Bangladesh,2007,68.6,147139191.0
201,Bangladesh,2006,68.2,1453684.0
202,Bangladesh,2005,67.8,14343111.0
203,Bangladesh,2004,67.3,14137489.0
204,Bangladesh,2003,66.8,139191.0
205,Bangladesh,2002,66.3,1366667.0
206,Bangladesh,2001,65.8,1341716.0
207,Bangladesh,2000,65.3,131581243.0
224,Belarus,2015,72.3,9489616.0
225,Belarus,2014,72.0,9474511.0
226,Belarus,2013,71.7,9465997.0
227,Belarus,2012,71.9,9464495.0
228,Belarus,2011,72.0,9473172.0
229,Belarus,2010,73.0,949583.0
230,Belarus,2009,70.0,956765.0
231,Belarus,2008,70.0,9527985.0
232,Belarus,2007,69.8,956953.0
233,Belarus,2006,68.9,964924.0
234,Belarus,2005,68.1,9663915.0
235,Belarus,2004,68.2,973146.0
236,Belarus,2003,67.7,9796749.0
237,Belarus,2002,67.2,9865548.0
238,Belarus,2001,67.7,9928549.0
239,Belarus,2000,68.0,997961.0
240,Belgium,2015,81.1,11274196.0
241,Belgium,2014,89.0,112957.0
242,Belgium,2013,87.0,11182817.0
243,Belgium,2012,83.0,11128246.0
244,Belgium,2011,83.0,1147744.0
245,Belgium,2010,80.0,1895586.0
246,Belgium,2009,79.8,1796493.0
247,Belgium,2008,79.5,179973.0
248,Belgium,2007,79.5,16257.0
249,Belgium,2006,79.4,1547958.0
250,Belgium,2005,78.9,1478617.0
251,Belgium,2004,78.8,1421137.0
252,Belgium,2003,78.3,1376133.0
253,Belgium,2002,78.0,1332785.0
254,Belgium,2001,78.0,128657.0
255,Belgium,2000,77.6,125125.0
256,Belize,2015,71.0,359288.0
257,Belize,2014,70.0,351694.0
258,Belize,2013,69.8,344181.0
259,Belize,2012,69.4,33671.0
260,Belize,2011,69.4,329192.0
261,Belize,2010,69.5,32168.0
262,Belize,2009,69.5,313929.0
263,Belize,2008,69.6,36165.0
264,Belize,2007,69.6,29847.0
265,Belize,2006,69.4,29747.0
266,Belize,2005,69.0,283277.0
267,Belize,2004,68.7,27689.0
268,Belize,2003,68.4,26913.0
269,Belize,2002,68.5,26226.0
270,Belize,2001,68.2,254984.0
271,Belize,2000,68.3,247315.0
272,Benin,2015,60.0,1575952.0
273,Benin,2014,59.7,1286712.0
274,Benin,2013,59.5,14451.0
275,Benin,2012,59.3,972916.0
276,Benin,2011,59.1,94682.0
277,Benin,2010,58.7,9199259.0
278,Benin,2009,58.4,894476.0
279,Benin,2008,57.6,8696916.0
280,Benin,2007,57.1,8454791.0
281,Benin,2006,56.8,8216896.0
282,Benin,2005,56.5,7982225.0
283,Benin,2004,56.1,7754.0
284,Benin,2003,55.8,752555.0
285,Benin,2002,55.6,7295394.0
286,Benin,2001,55.5,776733.0
287,Benin,2000,55.4,6865951.0
288,Bhutan,2015,69.8,787386.0
289,Bhutan,2014,69.4,776448.0
290,Bhutan,2013,69.1,764961.0
291,Bhutan,2012,68.7,752967.0
292,Bhutan,2011,68.3,7451.0
293,Bhutan,2010,67.9,727641.0
294,Bhutan,2009,67.4,714458.0
295,Bhutan,2008,67.0,795.0
296,Bhutan,2007,66.5,686958.0
297,Bhutan,2006,65.8,672228.0
298,Bhutan,2005,65.0,656639.0
299,Bhutan,2004,64.2,64282.0
300,Bhutan,2003,63.3,623434.0
301,Bhutan,2002,62.5,66399.0
302,Bhutan,2001,61.7,5896.0
303,Bhutan,2000,62.0,573416.0
320,Bosnia and Herzegovina,2015,77.4,3535961.0
321,Bosnia and Herzegovina,2014,77.2,35662.0
322,Bosnia and Herzegovina,2013,77.0,364999.0
323,Bosnia and Herzegovina,2012,76.8,36482.0
324,Bosnia and Herzegovina,2011,76.9,3688865.0
325,Bosnia and Herzegovina,2010,76.4,372284.0
326,Bosnia and Herzegovina,2009,76.1,3746561.0
327,Bosnia and Herzegovina,2008,76.0,3763599.0
328,Bosnia and Herzegovina,2007,75.4,3774.0
329,Bosnia and Herzegovina,2006,75.7,3779468.0
330,Bosnia and Herzegovina,2005,75.0,378153.0
331,Bosnia and Herzegovina,2004,75.5,3781287.0
332,Bosnia and Herzegovina,2003,75.2,3779247.0
333,Bosnia and Herzegovina,2002,75.4,377587.0
334,Bosnia and Herzegovina,2001,74.9,3771284.0
335,Bosnia and Herzegovina,2000,74.6,376676.0
336,Botswana,2015,65.7,229197.0
337,Botswana,2014,65.1,2168573.0
338,Botswana,2013,64.2,212857.0
339,Botswana,2012,63.4,289315.0
340,Botswana,2011,62.2,251339.0
341,Botswana,2010,61.1,214866.0
342,Botswana,2009,59.2,1979882.0
343,Botswana,2008,57.5,1946351.0
344,Botswana,2007,56.9,1914414.0
345,Botswana,2006,54.8,1884238.0
346,Botswana,2005,51.7,1855852.0
347,Botswana,2004,48.1,182933.0
348,Botswana,2003,46.4,184339.0
349,Botswana,2002,46.0,1779953.0
350,Botswana,2001,46.7,1754935.0
351,Botswana,2000,47.8,172834.0
352,Brazil,2015,75.0,2596218.0
353,Brazil,2014,74.8,24213133.0
354,Brazil,2013,74.7,2248632.0
355,Brazil,2012,74.5,256983.0
356,Brazil,2011,74.1,198686688.0
357,Brazil,2010,73.8,196796269.0
358,Brazil,2009,73.6,194895996.0
359,Brazil,2008,73.4,19297929.0
360,Brazil,2007,73.3,19126637.0
361,Brazil,2006,73.0,18912412.0
362,Brazil,2005,72.7,186917361.0
363,Brazil,2004,72.0,184738458.0
364,Brazil,2003,71.8,182482149.0
365,Brazil,2002,71.4,1815121.0
366,Brazil,2001,71.0,1777567.0
367,Brazil,2000,75.0,175287587.0
384,Bulgaria,2015,74.5,7177991.0
385,Bulgaria,2014,74.3,7223938.0
386,Bulgaria,2013,74.1,7265115.0
387,Bulgaria,2012,73.9,735888.0
388,Bulgaria,2011,73.7,7348328.0
389,Bulgaria,2010,73.4,7395599.0
390,Bulgaria,2009,73.2,7444443.0
391,Bulgaria,2008,72.9,7492561.0
392,Bulgaria,2007,72.6,7545338.0
393,Bulgaria,2006,72.2,76122.0
394,Bulgaria,2005,72.1,7658972.0
395,Bulgaria,2004,72.2,771686.0
396,Bulgaria,2003,72.0,7775327.0
397,Bulgaria,2002,71.8,7837161.0
398,Bulgaria,2001,71.6,89142.0
399,Bulgaria,2000,71.1,817172.0
400,Burkina Faso,2015,59.9,1811624.0
401,Burkina Faso,2014,59.3,17585977.0
402,Burkina Faso,2013,59.0,1772723.0
403,Burkina Faso,2012,58.6,16571216.0
404,Burkina Faso,2011,58.1,168194.0
405,Burkina Faso,2010,57.5,1565217.0
406,Burkina Faso,2009,56.9,1514199.0
407,Burkina Faso,2008,56.1,14689726.0
408,Burkina Faso,2007,55.3,1425221.0
409,Burkina Faso,2006,54.3,13829177.0
410,Burkina Faso,2005,53.3,1342193.0
411,Burkina Faso,2004,52.4,133569.0
412,Burkina Faso,2003,51.6,12654621.0
413,Burkina Faso,2002,51.0,122931.0
414,Burkina Faso,2001,56.0,11944587.0
415,Burkina Faso,2000,51.0,1167942.0
416,Burundi,2015,59.6,119927.0
417,Burundi,2014,59.1,989179.0
418,Burundi,2013,58.6,96186.0
419,Burundi,2012,58.0,931971.0
420,Burundi,2011,57.4,94358.0
421,Burundi,2010,56.8,876693.0
422,Burundi,2009,56.2,848931.0
423,Burundi,2008,55.3,8212264.0
424,Burundi,2007,54.8,7939573.0
425,Burundi,2006,54.1,7675338.0
426,Burundi,2005,53.4,7423289.0
427,Burundi,2004,52.6,7182451.0
428,Burundi,2003,51.9,6953113.0
429,Burundi,2002,51.5,6741569.0
430,Burundi,2001,51.3,6555829.0
431,Burundi,2000,58.0,6476.0
448,Cabo Verde,2015,73.3,532913.0
449,Cabo Verde,2014,73.0,526437.0
450,Cabo Verde,2013,72.8,5216.0
451,Cabo Verde,2012,72.7,513979.0
452,Cabo Verde,2011,72.6,5867.0
453,Cabo Verde,2010,72.5,52384.0
454,Cabo Verde,2009,72.4,496963.0
455,Cabo Verde,2008,72.4,491723.0
456,Cabo Verde,2007,72.3,486438.0
457,Cabo Verde,2006,72.1,48795.0
458,Cabo Verde,2005,71.8,474567.0
459,Cabo Verde,2004,71.4,467664.0
460,Cabo Verde,2003,71.1,46147.0
461,Cabo Verde,2002,77.0,45216.0
462,Cabo Verde,2001,73.0,443716.0
463,Cabo Verde,2000,69.9,43579.0
464,Cambodia,2015,68.7,15517635.0
465,Cambodia,2014,68.3,152779.0
466,Cambodia,2013,67.8,1522692.0
467,Cambodia,2012,67.4,14776866.0
468,Cambodia,2011,67.0,14537886.0
469,Cambodia,2010,66.6,143874.0
470,Cambodia,2009,66.1,14928.0
471,Cambodia,2008,65.6,138859.0
472,Cambodia,2007,65.0,13676693.0
473,Cambodia,2006,64.1,13474489.0
474,Cambodia,2005,62.9,132721.0
475,Cambodia,2004,61.5,1363377.0
476,Cambodia,2003,63.0,12853124.0
477,Cambodia,2002,59.3,12634729.0
478,Cambodia,2001,58.5,1242473.0
479,Cambodia,2000,57.7,12152354.0
480,Cameroon,2015,57.3,22834522.0
481,Cameroon,2014,56.7,2223994.0
482,Cameroon,2013,56.4,21655715.0
483,Cameroon,2012,55.9,2182383.0
484,Cameroon,2011,55.6,252447.0
485,Cameroon,2010,55.3,1997495.0
486,Cameroon,2009,54.8,19432541.0
487,Cameroon,2008,54.2,18978.0
488,Cameroon,2007,53.6,18395389.0
489,Cameroon,2006,53.3,17899562.0
490,Cameroon,2005,52.8,1742795.0
491,Cameroon,2004,52.1,1695981.0
492,Cameroon,2003,51.8,16513822.0
493,Cameroon,2002,51.6,1684886.0
494,Cameroon,2001,51.5,15671927.0
495,Cameroon,2000,51.4,15274234.0
496,Canada,2015,82.2,3584861.0
497,Canada,2014,82.0,35544564.0
498,Canada,2013,81.8,35155451.0
499,Canada,2012,81.6,3475545.0
500,Canada,2011,81.5,3434278.0
501,Canada,2010,81.2,345274.0
502,Canada,2009,81.0,33628571.0
503,Canada,2008,87.0,33245773.0
504,Canada,2007,85.0,32887928.0
505,Canada,2006,85.0,325755.0
506,Canada,2005,81.0,32312.0
507,Canada,2004,80.0,31995.0
508,Canada,2003,79.7,31676.0
509,Canada,2002,79.5,31362.0
510,Canada,2001,79.4,31819.0
511,Canada,2000,79.1,37697.0
512,Central African Republic,2015,52.5,45461.0
513,Central African Republic,2014,58.0,4515392.0
514,Central African Republic,2013,49.9,4499653.0
515,Central African Republic,2012,53.0,449416.0
516,Central African Republic,2011,49.8,4476153.0
517,Central African Republic,2010,49.2,4448525.0
518,Central African Republic,2009,48.6,44423.0
519,Central African Republic,2008,47.6,4345386.0
520,Central African Republic,2007,46.8,42758.0
521,Central African Republic,2006,46.3,421758.0
522,Central African Republic,2005,45.9,412791.0
523,Central African Republic,2004,45.7,45536.0
524,Central African Republic,2003,45.7,3981665.0
525,Central African Republic,2002,45.6,397612.0
526,Central African Republic,2001,45.6,383223.0
527,Central African Republic,2000,46.0,3754986.0
528,Chad,2015,53.1,149413.0
529,Chad,2014,52.6,13569438.0
530,Chad,2013,52.2,13133589.0
531,Chad,2012,51.8,1275135.0
532,Chad,2011,51.6,12288651.0
533,Chad,2010,51.2,1188722.0
534,Chad,2009,57.0,1152786.0
535,Chad,2008,49.6,11133861.0
536,Chad,2007,49.4,177578.0
537,Chad,2006,48.5,1421597.0
538,Chad,2005,48.6,1679.0
539,Chad,2004,48.5,97143.0
540,Chad,2003,48.4,935321.0
541,Chad,2002,48.1,91689.0
542,Chad,2001,48.0,866312.0
543,Chad,2000,47.6,8342559.0
544,Chile,2015,85.0,17762681.0
545,Chile,2014,83.0,17613798.0
546,Chile,2013,81.0,17462982.0
547,Chile,2012,79.9,1739746.0
548,Chile,2011,79.8,17153357.0
549,Chile,2010,79.1,16993354.0
550,Chile,2009,79.3,16829442.0
551,Chile,2008,79.6,16661942.0
552,Chile,2007,78.9,16491687.0
553,Chile,2006,78.9,16319792.0
554,Chile,2005,78.4,1614764.0
555,Chile,2004,78.0,15973778.0
556,Chile,2003,77.9,15799542.0
557,Chile,2002,77.8,15623635.0
558,Chile,2001,77.3,15444969.0
559,Chile,2000,77.3,15262754.0
560,China,2015,76.1,137122.0
561,China,2014,75.8,136427.0
562,China,2013,75.6,135738.0
563,China,2012,75.4,135695.0
564,China,2011,75.2,134413.0
565,China,2010,75.0,133775.0
566,China,2009,74.9,133126.0
567,China,2008,74.5,1324655.0
568,China,2007,74.4,1317885.0
569,China,2006,74.2,13112.0
570,China,2005,73.9,13372.0
571,China,2004,73.5,129675.0
572,China,2003,73.1,12884.0
573,China,2002,72.7,1284.0
574,China,2001,72.2,127185.0
575,China,2000,71.7,1262645.0
576,Colombia,2015,74.8,48228697.0
577,Colombia,2014,74.6,47791911.0
578,Colombia,2013,74.4,47342981.0
579,Colombia,2012,74.3,46881475.0
580,Colombia,2011,74.2,4646646.0
581,Colombia,2010,73.6,4591897.0
582,Colombia,2009,73.6,45416181.0
583,Colombia,2008,73.5,4491544.0
584,Colombia,2007,73.5,44374572.0
585,Colombia,2006,73.1,43835722.0
586,Colombia,2005,73.1,43285634.0
587,Colombia,2004,72.8,42724163.0
588,Colombia,2003,72.4,42152151.0
589,Colombia,2002,71.8,41572491.0
590,Colombia,2001,71.5,498899.0
591,Colombia,2000,71.4,443958.0
592,Comoros,2015,63.5,777424.0
593,Comoros,2014,63.2,759385.0
594,Comoros,2013,62.9,7415.0
595,Comoros,2012,62.5,723868.0
596,Comoros,2011,62.2,76569.0
597,Comoros,2010,61.8,689692.0
598,Comoros,2009,61.3,673252.0
599,Comoros,2008,61.0,657229.0
600,Comoros,2007,66.0,64162.0
601,Comoros,2006,63.0,626425.0
602,Comoros,2005,60.0,611627.0
603,Comoros,2004,59.8,597228.0
604,Comoros,2003,59.6,583211.0
605,Comoros,2002,59.5,569479.0
606,Comoros,2001,59.5,555888.0
607,Comoros,2000,59.5,542357.0
625,Costa Rica,2015,79.6,487852.0
626,Costa Rica,2014,79.5,4757575.0
627,Costa Rica,2013,79.4,47641.0
628,Costa Rica,2012,79.2,4654122.0
629,Costa Rica,2011,79.0,46474.0
630,Costa Rica,2010,78.1,454528.0
631,Costa Rica,2009,79.2,4488263.0
632,Costa Rica,2008,78.9,442958.0
633,Costa Rica,2007,78.9,4369469.0
634,Costa Rica,2006,78.0,438794.0
635,Costa Rica,2005,78.6,4247841.0
636,Costa Rica,2004,77.7,418738.0
637,Costa Rica,2003,78.0,4125971.0
638,Costa Rica,2002,78.3,46324.0
639,Costa Rica,2001,77.5,3996798.0
640,Costa Rica,2000,77.6,3925443.0
641,Croatia,2015,78.0,42364.0
642,Croatia,2014,77.8,4238389.0
643,Croatia,2013,77.7,4255689.0
644,Croatia,2012,77.1,4267558.0
645,Croatia,2011,77.0,428622.0
646,Croatia,2010,76.6,4417781.0
647,Croatia,2009,76.3,442978.0
648,Croatia,2008,76.0,443458.0
649,Croatia,2007,75.8,4436.0
650,Croatia,2006,75.9,444.0
651,Croatia,2005,75.2,4442.0
652,Croatia,2004,75.4,4439.0
653,Croatia,2003,74.7,444.0
654,Croatia,2002,74.8,444.0
655,Croatia,2001,74.9,444.0
656,Croatia,2000,74.7,4426.0
673,Cyprus,2015,85.0,116985.0
674,Cyprus,2014,83.0,115239.0
675,Cyprus,2013,81.0,1143896.0
676,Cyprus,2012,80.0,113562.0
677,Cyprus,2011,79.7,1124835.0
678,Cyprus,2010,79.5,111267.0
679,Cyprus,2009,79.3,19876.0
680,Cyprus,2008,79.1,181563.0
681,Cyprus,2007,78.9,163712.0
682,Cyprus,2006,78.8,14559.0
683,Cyprus,2005,78.7,127658.0
684,Cyprus,2004,78.6,1141.0
685,Cyprus,2003,78.5,993563.0
686,Cyprus,2002,78.4,976966.0
687,Cyprus,2001,78.2,96282.0
688,Cyprus,2000,78.1,943286.0
737,Denmark,2015,86.0,5683483.0
738,Denmark,2014,84.0,5643475.0
739,Denmark,2013,81.0,5614932.0
740,Denmark,2012,80.0,5591572.0
741,Denmark,2011,79.7,557572.0
742,Denmark,2010,79.2,5547683.0
743,Denmark,2009,78.9,552395.0
744,Denmark,2008,78.8,5493621.0
745,Denmark,2007,78.4,5461438.0
746,Denmark,2006,78.1,5437272.0
747,Denmark,2005,78.1,5419432.0
748,Denmark,2004,77.7,544523.0
749,Denmark,2003,77.3,539574.0
750,Denmark,2002,77.0,5375931.0
751,Denmark,2001,77.0,5358783.0
752,Denmark,2000,76.9,5339616.0
753,Djibouti,2015,63.5,927414.0
754,Djibouti,2014,63.0,912164.0
755,Djibouti,2013,62.7,896688.0
756,Djibouti,2012,62.2,881185.0
757,Djibouti,2011,61.8,865937.0
758,Djibouti,2010,61.3,851146.0
759,Djibouti,2009,69.0,83684.0
760,Djibouti,2008,62.0,822934.0
761,Djibouti,2007,59.8,8942.0
762,Djibouti,2006,59.1,79628.0
763,Djibouti,2005,58.6,783254.0
764,Djibouti,2004,58.1,77752.0
765,Djibouti,2003,58.0,758615.0
766,Djibouti,2002,57.9,746221.0
767,Djibouti,2001,57.7,732711.0
768,Djibouti,2000,57.4,717584.0
770,Dominican Republic,2015,73.9,1528394.0
771,Dominican Republic,2014,73.6,145844.0
772,Dominican Republic,2013,73.4,1281296.0
773,Dominican Republic,2012,72.1,115495.0
774,Dominican Republic,2011,73.1,12795.0
775,Dominican Republic,2010,72.7,9897985.0
776,Dominican Republic,2009,73.6,9767758.0
777,Dominican Republic,2008,73.3,963652.0
778,Dominican Republic,2007,72.9,954353.0
779,Dominican Republic,2006,72.3,9371338.0
780,Dominican Republic,2005,69.7,9237566.0
781,Dominican Republic,2004,69.3,912998.0
782,Dominican Republic,2003,73.0,896776.0
783,Dominican Republic,2002,71.4,8832285.0
784,Dominican Republic,2001,71.2,8697126.0
785,Dominican Republic,2000,72.0,8562622.0
786,Ecuador,2015,76.2,16144368.0
787,Ecuador,2014,76.0,1593112.0
788,Ecuador,2013,76.0,15661547.0
789,Ecuador,2012,75.5,15419666.0
790,Ecuador,2011,75.3,15177355.0
791,Ecuador,2010,75.0,1493469.0
792,Ecuador,2009,75.1,14691275.0
793,Ecuador,2008,74.6,14447562.0
794,Ecuador,2007,74.7,1425453.0
795,Ecuador,2006,74.4,1396748.0
796,Ecuador,2005,74.2,13735233.0
797,Ecuador,2004,74.4,1359647.0
798,Ecuador,2003,74.4,1328961.0
799,Ecuador,2002,73.6,13726.0
800,Ecuador,2001,73.4,12852755.0
801,Ecuador,2000,72.8,12628596.0
818,El Salvador,2015,73.5,6312478.0
819,El Salvador,2014,73.3,6281189.0
820,El Salvador,2013,73.0,625777.0
821,El Salvador,2012,73.0,6221246.0
822,El Salvador,2011,72.0,619256.0
823,El Salvador,2010,72.0,6164626.0
824,El Salvador,2009,71.4,6137276.0
825,El Salvador,2008,71.7,61131.0
826,El Salvador,2007,71.2,683475.0
827,El Salvador,2006,75.0,656478.0
828,El Salvador,2005,71.0,628961.0
829,El Salvador,2004,70.0,6775.0
830,El Salvador,2003,69.9,5971535.0
831,El Salvador,2002,73.0,59433.0
832,El Salvador,2001,68.9,595962.0
833,El Salvador,2000,69.0,5867626.0
834,Equatorial Guinea,2015,58.2,1175389.0
835,Equatorial Guinea,2014,57.9,1129424.0
836,Equatorial Guinea,2013,57.4,183746.0
837,Equatorial Guinea,2012,56.7,138593.0
838,Equatorial Guinea,2011,56.2,99429.0
839,Equatorial Guinea,2010,56.1,95114.0
840,Equatorial Guinea,2009,55.7,99111.0
841,Equatorial Guinea,2008,55.4,868418.0
842,Equatorial Guinea,2007,55.0,829327.0
843,Equatorial Guinea,2006,54.8,792217.0
844,Equatorial Guinea,2005,54.4,757317.0
845,Equatorial Guinea,2004,54.1,724817.0
846,Equatorial Guinea,2003,53.8,694611.0
847,Equatorial Guinea,2002,53.5,66647.0
848,Equatorial Guinea,2001,53.1,639762.0
849,Equatorial Guinea,2000,52.7,614323.0
854,Eritrea,2011,62.9,447469.0
855,Eritrea,2010,62.1,43984.0
856,Eritrea,2009,61.4,431334.0
857,Eritrea,2008,67.0,4232636.0
858,Eritrea,2007,62.0,4153332.0
859,Eritrea,2006,59.7,466648.0
860,Eritrea,2005,59.4,39697.0
861,Eritrea,2004,59.1,3858623.0
862,Eritrea,2003,58.8,3738265.0
863,Eritrea,2002,58.5,3614639.0
864,Eritrea,2001,58.1,3497124.0
865,Eritrea,2000,45.3,339281.0
866,Estonia,2015,77.6,131547.0
867,Estonia,2014,77.3,1314545.0
868,Estonia,2013,76.9,1317997.0
869,Estonia,2012,76.3,1322696.0
870,Estonia,2011,76.1,1327439.0
871,Estonia,2010,75.6,1331475.0
872,Estonia,2009,74.9,1334515.0
873,Estonia,2008,74.2,13379.0
874,Estonia,2007,73.0,13468.0
875,Estonia,2006,73.0,134681.0
876,Estonia,2005,72.8,1354775.0
877,Estonia,2004,72.3,136255.0
878,Estonia,2003,71.9,13772.0
879,Estonia,2002,71.2,137935.0
880,Estonia,2001,78.0,1388115.0
881,Estonia,2000,78.0,1396985.0
882,Ethiopia,2015,64.8,9987333.0
883,Ethiopia,2014,64.2,97366774.0
884,Ethiopia,2013,63.7,94887724.0
885,Ethiopia,2012,63.3,92444183.0
886,Ethiopia,2011,62.6,946756.0
887,Ethiopia,2010,61.8,877267.0
888,Ethiopia,2009,68.0,85416253.0
889,Ethiopia,2008,59.8,83184892.0
890,Ethiopia,2007,58.5,8149.0
891,Ethiopia,2006,57.2,7885689.0
892,Ethiopia,2005,56.0,7672783.0
893,Ethiopia,2004,55.0,7462445.0
894,Ethiopia,2003,54.0,72545144.0
895,Ethiopia,2002,53.2,7497192.0
896,Ethiopia,2001,52.5,68492257.0
897,Ethiopia,2000,51.2,66537331.0
898,Fiji,2015,69.9,892149.0
899,Fiji,2014,69.7,88586.0
900,Fiji,2013,69.6,879715.0
901,Fiji,2012,69.4,873596.0
902,Fiji,2011,69.2,86786.0
903,Fiji,2010,69.1,85995.0
904,Fiji,2009,68.9,851967.0
905,Fiji,2008,68.7,84334.0
906,Fiji,2007,68.6,834812.0
907,Fiji,2006,68.5,827411.0
908,Fiji,2005,68.3,821817.0
909,Fiji,2004,68.1,818354.0
910,Fiji,2003,68.0,816628.0
911,Fiji,2002,67.9,815691.0
912,Fiji,2001,67.8,814218.0
913,Fiji,2000,67.7,811223.0
914,Finland,2015,81.1,5479531.0
915,Finland,2014,89.0,5461512.0
916,Finland,2013,87.0,5438972.0
917,Finland,2012,84.0,5413971.0
918,Finland,2011,83.0,5388272.0
919,Finland,2010,79.9,5363352.0
920,Finland,2009,79.7,5338871.0
921,Finland,2008,79.6,5313399.0
922,Finland,2007,79.3,528872.0
923,Finland,2006,79.2,5266268.0
924,Finland,2005,78.9,524696.0
925,Finland,2004,78.7,5228172.0
926,Finland,2003,78.4,521314.0
927,Finland,2002,78.1,52598.0
928,Finland,2001,78.0,51888.0
929,Finland,2000,77.5,517629.0
930,France,2015,82.4,6662468.0
931,France,2014,82.2,66331957.0
932,France,2013,82.0,6599857.0
933,France,2012,81.5,6565979.0
934,France,2011,81.7,65342776.0
935,France,2010,81.3,6527512.0
936,France,2009,81.1,647744.0
937,France,2008,89.0,6437499.0
938,France,2007,89.0,6416229.0
939,France,2006,86.0,63621376.0
940,France,2005,81.0,63179356.0
941,France,2004,82.0,6274897.0
942,France,2003,79.3,62244884.0
943,France,2002,79.2,6185267.0
944,France,2001,79.0,61357431.0
945,France,2000,78.8,6912498.0
946,Gabon,2015,66.0,193175.0
947,Gabon,2014,65.5,1875713.0
948,Gabon,2013,64.6,1817271.0
949,Gabon,2012,63.5,1756817.0
950,Gabon,2011,62.8,169711.0
951,Gabon,2010,62.3,16421.0
952,Gabon,2009,61.7,1586754.0
953,Gabon,2008,61.6,1536411.0
954,Gabon,2007,61.6,1489193.0
955,Gabon,2006,61.4,1444844.0
956,Gabon,2005,65.0,143126.0
957,Gabon,2004,59.7,136425.0
958,Gabon,2003,59.7,1328146.0
959,Gabon,2002,59.7,129449.0
960,Gabon,2001,59.8,1262259.0
961,Gabon,2000,61.0,1231122.0
978,Georgia,2015,74.4,37171.0
979,Georgia,2014,74.5,3727.0
980,Georgia,2013,74.5,3776.0
981,Georgia,2012,74.2,3825.0
982,Georgia,2011,73.9,3875.0
983,Georgia,2010,73.8,3926.0
984,Georgia,2009,73.2,3978.0
985,Georgia,2008,73.9,43.0
986,Georgia,2007,74.4,482.0
987,Georgia,2006,73.9,4136.0
988,Georgia,2005,73.9,419.0
989,Georgia,2004,72.3,4245.0
990,Georgia,2003,72.7,431.0
991,Georgia,2002,71.7,4357.0
992,Georgia,2001,73.0,43864.0
993,Georgia,2000,71.8,44183.0
994,Germany,2015,81.0,81686611.0
995,Germany,2014,89.0,89825.0
996,Germany,2013,86.0,864565.0
997,Germany,2012,86.0,8425823.0
998,Germany,2011,85.0,8274983.0
999,Germany,2010,81.0,8177693.0
1000,Germany,2009,80.0,819237.0
1001,Germany,2008,79.9,821197.0
1002,Germany,2007,79.8,82266372.0
1003,Germany,2006,79.6,82376451.0
1004,Germany,2005,79.2,82469422.0
1005,Germany,2004,79.1,8251626.0
1006,Germany,2003,78.5,82534176.0
1007,Germany,2002,78.4,82488495.0
1008,Germany,2001,78.3,82349925.0
1009,Germany,2000,78.0,8221158.0
1010,Ghana,2015,62.4,27582821.0
1011,Ghana,2014,62.1,26962563.0
1012,Ghana,2013,61.9,26346251.0
1013,Ghana,2012,61.6,2573349.0
1014,Ghana,2011,61.2,25121796.0
1015,Ghana,2010,69.0,2451214.0
1016,Ghana,2009,66.0,2393831.0
1017,Ghana,2008,63.0,2329864.0
1018,Ghana,2007,59.9,227212.0
1019,Ghana,2006,59.4,22113425.0
1020,Ghana,2005,58.9,215429.0
1021,Ghana,2004,58.3,2986536.0
1022,Ghana,2003,57.9,2446782.0
1023,Ghana,2002,57.6,19924522.0
1024,Ghana,2001,57.4,1942165.0
1025,Ghana,2000,57.2,18938762.0
1026,Greece,2015,81.0,182883.0
1027,Greece,2014,88.0,1892413.0
1028,Greece,2013,86.0,1965211.0
1029,Greece,2012,84.0,114511.0
1030,Greece,2011,85.0,1114899.0
1031,Greece,2010,83.0,11121341.0
1032,Greece,2009,80.0,111717.0
1033,Greece,2008,79.9,1177841.0
1034,Greece,2007,79.4,1148473.0
1035,Greece,2006,79.7,112362.0
1036,Greece,2005,79.3,1987314.0
1037,Greece,2004,79.2,1955141.0
1038,Greece,2003,79.1,19287.0
1039,Greece,2002,79.0,19222.0
1040,Greece,2001,78.7,1862132.0
1041,Greece,2000,78.2,18588.0
1058,Guatemala,2015,71.9,16252429.0
1059,Guatemala,2014,71.7,15923559.0
1060,Guatemala,2013,71.4,15596214.0
1061,Guatemala,2012,71.3,1527156.0
1062,Guatemala,2011,71.1,14948919.0
1063,Guatemala,2010,77.0,1463417.0
1064,Guatemala,2009,76.0,1431628.0
1065,Guatemala,2008,79.0,146366.0
1066,Guatemala,2007,75.0,137286.0
1067,Guatemala,2006,69.7,133978.0
1068,Guatemala,2005,69.2,139628.0
1069,Guatemala,2004,69.6,12796925.0
1070,Guatemala,2003,69.4,125478.0
1071,Guatemala,2002,69.3,1228848.0
1072,Guatemala,2001,68.4,11924946.0
1073,Guatemala,2000,67.7,1165743.0
1074,Guinea,2015,59.0,1291533.0
1075,Guinea,2014,58.1,118559.0
1076,Guinea,2013,58.8,11536615.0
1077,Guinea,2012,58.4,11281469.0
1078,Guinea,2011,58.1,113517.0
1079,Guinea,2010,57.8,179417.0
1080,Guinea,2009,57.3,1556524.0
1081,Guinea,2008,56.8,1323142.0
1082,Guinea,2007,56.4,196727.0
1083,Guinea,2006,55.6,9881428.0
1084,Guinea,2005,54.7,9679745.0
1085,Guinea,2004,54.0,949229.0
1086,Guinea,2003,53.3,939848.0
1087,Guinea,2002,52.9,9137345.0
1088,Guinea,2001,52.5,8971139.0
1089,Guinea,2000,52.5,888546.0
1090,Guinea-Bissau,2015,58.9,177526.0
1091,Guinea-Bissau,2014,58.4,1725744.0
1092,Guinea-Bissau,2013,58.1,1681495.0
1093,Guinea-Bissau,2012,57.6,1638139.0
1094,Guinea-Bissau,2011,57.1,1596154.0
1095,Guinea-Bissau,2010,56.7,155588.0
1096,Guinea-Bissau,2009,56.3,1517448.0
1097,Guinea-Bissau,2008,55.6,148841.0
1098,Guinea-Bissau,2007,55.0,1445958.0
1099,Guinea-Bissau,2006,54.4,1412669.0
1100,Guinea-Bissau,2005,53.9,138838.0
1101,Guinea-Bissau,2004,53.5,135345.0
1102,Guinea-Bissau,2003,53.0,132122.0
1103,Guinea-Bissau,2002,52.8,1293523.0
1104,Guinea-Bissau,2001,52.5,1267512.0
1105,Guinea-Bissau,2000,52.1,1243229.0
1106,Guyana,2015,66.2,768514.0
1107,Guyana,2014,66.0,763393.0
1108,Guyana,2013,65.9,75881.0
1109,Guyana,2012,65.8,75391.0
1110,Guyana,2011,65.6,7491.0
1111,Guyana,2010,65.9,746556.0
1112,Guyana,2009,66.1,745693.0
1113,Guyana,2008,66.3,746314.0
1114,Guyana,2007,65.7,747869.0
1115,Guyana,2006,65.2,74961.0
1116,Guyana,2005,65.0,75946.0
1117,Guyana,2004,65.1,751652.0
1118,Guyana,2003,65.3,751857.0
1119,Guyana,2002,65.3,751884.0
1120,Guyana,2001,65.4,752263.0
1121,Guyana,2000,65.4,75331.0
1122,Haiti,2015,63.5,171161.0
1123,Haiti,2014,63.1,1572466.0
1124,Haiti,2013,62.7,1431776.0
1125,Haiti,2012,62.3,128921.0
1126,Haiti,2011,62.3,114554.0
1127,Haiti,2010,36.3,9999617.0
1128,Haiti,2009,62.5,985287.0
1129,Haiti,2008,62.1,97529.0
1130,Haiti,2007,61.8,9556889.0
1131,Haiti,2006,61.1,949457.0
1132,Haiti,2005,65.0,926344.0
1133,Haiti,2004,58.7,9119178.0
1134,Haiti,2003,59.7,8976552.0
1135,Haiti,2002,59.3,8834733.0
1136,Haiti,2001,58.9,8692567.0
1137,Haiti,2000,58.6,85492.0
1138,Honduras,2015,74.6,896829.0
1139,Honduras,2014,74.5,889216.0
1140,Honduras,2013,74.3,8657785.0
1141,Honduras,2012,74.1,855646.0
1142,Honduras,2011,73.9,83516.0
1143,Honduras,2010,73.6,8194778.0
1144,Honduras,2009,73.4,83521.0
1145,Honduras,2008,73.2,7872658.0
1146,Honduras,2007,73.0,777972.0
1147,Honduras,2006,72.8,754146.0
1148,Honduras,2005,72.5,737343.0
1149,Honduras,2004,72.2,724153.0
1150,Honduras,2003,71.9,733821.0
1151,Honduras,2002,71.6,6863157.0
1152,Honduras,2001,71.3,669361.0
1153,Honduras,2000,71.0,6524283.0
1154,Hungary,2015,75.8,984328.0
1155,Hungary,2014,75.6,9866468.0
1156,Hungary,2013,75.5,989382.0
1157,Hungary,2012,75.0,992362.0
1158,Hungary,2011,74.8,9971727.0
1159,Hungary,2010,74.5,123.0
1160,Hungary,2009,74.2,12265.0
1161,Hungary,2008,74.1,138188.0
1162,Hungary,2007,73.5,15578.0
1163,Hungary,2006,73.4,17137.0
1164,Hungary,2005,72.9,18765.0
1165,Hungary,2004,72.9,117146.0
1166,Hungary,2003,72.5,1129552.0
1167,Hungary,2002,72.5,115868.0
1168,Hungary,2001,72.3,1187576.0
1169,Hungary,2000,71.7,121971.0
1170,Iceland,2015,82.7,33815.0
1171,Iceland,2014,82.5,327386.0
1172,Iceland,2013,82.4,323764.0
1173,Iceland,2012,82.5,32716.0
1174,Iceland,2011,82.1,31914.0
1175,Iceland,2010,81.8,31841.0
1176,Iceland,2009,81.6,318499.0
1177,Iceland,2008,81.4,317414.0
1178,Iceland,2007,81.3,311566.0
1179,Iceland,2006,81.1,33782.0
1180,Iceland,2005,81.0,296734.0
1181,Iceland,2004,88.0,29274.0
1182,Iceland,2003,87.0,289521.0
1183,Iceland,2002,84.0,287523.0
1184,Iceland,2001,80.0,284968.0
1185,Iceland,2000,79.7,28125.0
1186,India,2015,68.3,1395398.0
1187,India,2014,68.0,1293859294.0
1188,India,2013,67.6,127856227.0
1189,India,2012,67.3,126365852.0
1190,India,2011,66.8,124723629.0
1191,India,2010,66.4,12398691.0
1192,India,2009,66.0,121427132.0
1193,India,2008,65.5,119714696.0
1194,India,2007,65.2,1179681239.0
1195,India,2006,64.8,1161977719.0
1196,India,2005,64.4,1144118674.0
1197,India,2004,64.0,1126135777.0
1198,India,2003,63.7,11827848.0
1199,India,2002,63.3,18987112.0
1200,India,2001,62.9,171477855.0
1201,India,2000,62.5,1535912.0
1202,Indonesia,2015,69.1,258162113.0
1203,Indonesia,2014,68.9,255131116.0
1204,Indonesia,2013,68.7,25232263.0
1205,Indonesia,2012,68.5,248883232.0
1206,Indonesia,2011,68.3,24577511.0
1207,Indonesia,2010,68.1,242524123.0
1208,Indonesia,2009,67.9,23934478.0
1209,Indonesia,2008,67.7,236159276.0
1210,Indonesia,2007,67.5,232989141.0
1211,Indonesia,2006,67.3,22983822.0
1212,Indonesia,2005,67.2,22671273.0
1213,Indonesia,2004,65.3,223614649.0
1214,Indonesia,2003,66.9,22545214.0
1215,Indonesia,2002,66.7,2175859.0
1216,Indonesia,2001,66.5,2145652.0
1217,Indonesia,2000,66.3,21154429.0
1234,Iraq,2015,68.9,36115649.0
1235,Iraq,2014,67.9,3568.0
1236,Iraq,2013,69.5,33883145.0
1237,Iraq,2012,76.0,32776571.0
1238,Iraq,2011,77.0,3172753.0
1239,Iraq,2010,76.0,376271.0
1240,Iraq,2009,74.0,29894652.0
1241,Iraq,2008,69.3,29111417.0
1242,Iraq,2007,65.9,2839433.0
1243,Iraq,2006,64.7,27697912.0
1244,Iraq,2005,66.8,278426.0
1245,Iraq,2004,67.2,2631669.0
1246,Iraq,2003,66.5,25627626.0
1247,Iraq,2002,74.0,24939299.0
1248,Iraq,2001,72.0,24251649.0
1249,Iraq,2000,70.0,23565413.0
1250,Ireland,2015,81.4,4676835.0
1251,Ireland,2014,81.2,4617225.0
1252,Ireland,2013,81.0,4598294.0
1253,Ireland,2012,85.0,4586897.0
1254,Ireland,2011,84.0,4576794.0
1255,Ireland,2010,86.0,456155.0
1256,Ireland,2009,79.7,4535375.0
1257,Ireland,2008,79.8,4489544.0
1258,Ireland,2007,79.5,4398942.0
1259,Ireland,2006,79.0,4273591.0
1260,Ireland,2005,78.7,4159914.0
1261,Ireland,2004,78.3,47262.0
1262,Ireland,2003,78.0,3996521.0
1263,Ireland,2002,77.4,3931947.0
1264,Ireland,2001,77.0,3866243.0
1265,Ireland,2000,76.4,385174.0
1266,Israel,2015,82.5,8381.0
1267,Israel,2014,82.2,82157.0
1268,Israel,2013,82.1,8595.0
1269,Israel,2012,81.8,7915.0
1270,Israel,2011,81.8,77658.0
1271,Israel,2010,81.7,76236.0
1272,Israel,2009,81.5,74856.0
1273,Israel,2008,81.0,7388.0
1274,Israel,2007,84.0,7181.0
1275,Israel,2006,84.0,7537.0
1276,Israel,2005,80.0,6931.0
1277,Israel,2004,81.0,689.0
1278,Israel,2003,79.7,66897.0
1279,Israel,2002,79.3,657.0
1280,Israel,2001,79.3,6439.0
1281,Israel,2000,78.9,6289.0
1282,Italy,2015,82.7,673582.0
1283,Italy,2014,82.5,678914.0
1284,Italy,2013,82.3,6233948.0
1285,Italy,2012,82.0,59539717.0
1286,Italy,2011,82.0,59379449.0
1287,Italy,2010,81.8,59277417.0
1288,Italy,2009,81.6,5995365.0
1289,Italy,2008,81.5,58826731.0
1290,Italy,2007,81.3,5843831.0
1291,Italy,2006,81.2,58143979.0
1292,Italy,2005,88.0,57969484.0
1293,Italy,2004,89.0,57685327.0
1294,Italy,2003,79.9,5731323.0
1295,Italy,2002,80.0,57597.0
1296,Italy,2001,79.8,569741.0
1297,Italy,2000,79.4,5694218.0
1298,Jamaica,2015,76.2,2871934.0
1299,Jamaica,2014,75.8,286287.0
1300,Jamaica,2013,75.6,285187.0
1301,Jamaica,2012,75.3,284992.0
1302,Jamaica,2011,75.2,2829493.0
1303,Jamaica,2010,75.0,281721.0
1304,Jamaica,2009,74.7,28482.0
1305,Jamaica,2008,74.5,279122.0
1306,Jamaica,2007,74.2,2775467.0
1307,Jamaica,2006,74.0,276279.0
1308,Jamaica,2005,73.5,2744673.0
1309,Jamaica,2004,73.3,2728777.0
1310,Jamaica,2003,73.1,2712511.0
1311,Jamaica,2002,73.0,2695446.0
1312,Jamaica,2001,72.7,267711.0
1313,Jamaica,2000,72.6,2656864.0
1314,Japan,2015,83.7,127141.0
1315,Japan,2014,83.5,127276.0
1316,Japan,2013,83.5,127445.0
1317,Japan,2012,83.3,127629.0
1318,Japan,2011,82.5,127833.0
1319,Japan,2010,83.0,1287.0
1320,Japan,2009,83.0,12847.0
1321,Japan,2008,82.7,12863.0
1322,Japan,2007,82.6,1281.0
1323,Japan,2006,82.4,127854.0
1324,Japan,2005,82.0,127773.0
1325,Japan,2004,82.1,127761.0
1326,Japan,2003,81.9,127718.0
1327,Japan,2002,81.8,127445.0
1328,Japan,2001,81.5,127149.0
1329,Japan,2000,81.1,126843.0
1330,Jordan,2015,74.1,915932.0
1331,Jordan,2014,74.0,88936.0
1332,Jordan,2013,73.9,8413464.0
1333,Jordan,2012,73.7,7992573.0
1334,Jordan,2011,73.6,7574943.0
1335,Jordan,2010,73.4,718239.0
1336,Jordan,2009,73.3,6821116.0
1337,Jordan,2008,73.1,6489822.0
1338,Jordan,2007,73.0,6193191.0
1339,Jordan,2006,72.8,5934232.0
1340,Jordan,2005,72.4,5714111.0
1341,Jordan,2004,72.5,5535595.0
1342,Jordan,2003,72.3,5396774.0
1343,Jordan,2002,72.1,5287488.0
1344,Jordan,2001,71.9,5193482.0
1345,Jordan,2000,71.7,51313.0
1346,Kazakhstan,2015,72.0,17544126.0
1347,Kazakhstan,2014,69.9,17289224.0
1348,Kazakhstan,2013,69.5,1735275.0
1349,Kazakhstan,2012,69.1,16791425.0
1350,Kazakhstan,2011,68.5,165566.0
1351,Kazakhstan,2010,67.8,16321581.0
1352,Kazakhstan,2009,67.8,169271.0
1353,Kazakhstan,2008,66.6,15674.0
1354,Kazakhstan,2007,65.3,15484192.0
1355,Kazakhstan,2006,65.0,153884.0
1356,Kazakhstan,2005,64.6,1514729.0
1357,Kazakhstan,2004,64.7,1512985.0
1358,Kazakhstan,2003,64.4,149918.0
1359,Kazakhstan,2002,64.7,14858948.0
1360,Kazakhstan,2001,64.4,14858335.0
1361,Kazakhstan,2000,63.9,14883626.0
1362,Kenya,2015,63.4,47236259.0
1363,Kenya,2014,62.9,462425.0
1364,Kenya,2013,62.6,44826849.0
1365,Kenya,2012,62.1,43646629.0
1366,Kenya,2011,61.2,42486839.0
1367,Kenya,2010,63.0,4135152.0
1368,Kenya,2009,59.1,423724.0
1369,Kenya,2008,57.9,39148416.0
1370,Kenya,2007,56.8,388599.0
1371,Kenya,2006,55.3,37525.0
1372,Kenya,2005,54.1,3648288.0
1373,Kenya,2004,53.0,3574931.0
1374,Kenya,2003,52.4,3413852.0
1375,Kenya,2002,52.1,332149.0
1376,Kenya,2001,51.9,32321482.0
1377,Kenya,2000,51.9,3145483.0
1378,Kiribati,2015,66.3,11247.0
1379,Kiribati,2014,66.1,11458.0
1380,Kiribati,2013,65.8,18535.0
1381,Kiribati,2012,65.7,16613.0
1382,Kiribati,2011,65.5,14656.0
1383,Kiribati,2010,65.3,12652.0
1384,Kiribati,2009,65.2,1568.0
1385,Kiribati,2008,65.1,9844.0
1386,Kiribati,2007,65.0,96311.0
1387,Kiribati,2006,65.0,9426.0
1388,Kiribati,2005,64.9,92325.0
1389,Kiribati,2004,64.8,9542.0
1390,Kiribati,2003,64.7,88895.0
1391,Kiribati,2002,64.6,87343.0
1392,Kiribati,2001,64.3,85858.0
1393,Kiribati,2000,64.1,8446.0
1442,Latvia,2015,74.6,1977527.0
1443,Latvia,2014,74.4,1993782.0
1444,Latvia,2013,74.1,212647.0
1445,Latvia,2012,73.8,234319.0
1446,Latvia,2011,73.6,25979.0
1447,Latvia,2010,72.8,297555.0
1448,Latvia,2009,72.6,2141669.0
1449,Latvia,2008,71.9,2177322.0
1450,Latvia,2007,78.0,22325.0
1451,Latvia,2006,75.0,2218357.0
1452,Latvia,2005,76.0,2238799.0
1453,Latvia,2004,71.0,2263122.0
1454,Latvia,2003,78.0,2287955.0
1455,Latvia,2002,73.0,231173.0
1456,Latvia,2001,69.9,233717.0
1457,Latvia,2000,71.0,236755.0
1458,Lebanon,2015,74.9,5851479.0
1459,Lebanon,2014,74.8,563279.0
1460,Lebanon,2013,74.9,527612.0
1461,Lebanon,2012,75.0,491644.0
1462,Lebanon,2011,75.0,4588368.0
1463,Lebanon,2010,74.9,4337141.0
1464,Lebanon,2009,74.7,4183156.0
1465,Lebanon,2008,74.5,411147.0
1466,Lebanon,2007,74.4,486466.0
1467,Lebanon,2006,74.1,45735.0
1468,Lebanon,2005,73.9,3986852.0
1469,Lebanon,2004,73.7,3863267.0
1470,Lebanon,2003,73.5,371464.0
1471,Lebanon,2002,73.2,3522837.0
1472,Lebanon,2001,73.0,3359859.0
1473,Lebanon,2000,72.7,3235366.0
1474,Lesotho,2015,53.7,2174645.0
1475,Lesotho,2014,52.1,2145785.0
1476,Lesotho,2013,52.1,2117361.0
1477,Lesotho,2012,52.2,289928.0
1478,Lesotho,2011,52.3,264166.0
1479,Lesotho,2010,51.1,24551.0
1480,Lesotho,2009,49.4,21929.0
1481,Lesotho,2008,47.8,199993.0
1482,Lesotho,2007,46.2,1982287.0
1483,Lesotho,2006,45.3,1965662.0
1484,Lesotho,2005,44.5,1949543.0
1485,Lesotho,2004,44.8,1933728.0
1486,Lesotho,2003,45.5,191897.0
1487,Lesotho,2002,46.4,192312.0
1488,Lesotho,2001,47.8,1885955.0
1489,Lesotho,2000,49.3,1868699.0
1490,Liberia,2015,61.4,4499621.0
1491,Liberia,2014,58.1,439737.0
1492,Liberia,2013,61.1,4286291.0
1493,Liberia,2012,67.0,4181563.0
1494,Liberia,2011,62.0,47167.0
1495,Liberia,2010,59.7,3948125.0
1496,Liberia,2009,59.2,3811528.0
1497,Liberia,2008,58.6,3662993.0
1498,Liberia,2007,57.9,3512932.0
1499,Liberia,2006,56.7,3375838.0
1500,Liberia,2005,55.3,326123.0
1501,Liberia,2004,54.0,3176414.0
1502,Liberia,2003,50.0,3116233.0
1503,Liberia,2002,56.0,362863.0
1504,Liberia,2001,51.5,2991132.0
1505,Liberia,2000,51.9,2884522.0
1522,Lithuania,2015,73.6,29491.0
1523,Lithuania,2014,73.4,2932367.0
1524,Lithuania,2013,73.0,2957689.0
1525,Lithuania,2012,73.0,2987773.0
1526,Lithuania,2011,72.8,328115.0
1527,Lithuania,2010,72.4,397282.0
1528,Lithuania,2009,72.2,3162916.0
1529,Lithuania,2008,71.1,3198231.0
1530,Lithuania,2007,72.0,3231294.0
1531,Lithuania,2006,76.0,326999.0
1532,Lithuania,2005,78.0,3322528.0
1533,Lithuania,2004,71.6,337775.0
1534,Lithuania,2003,71.6,3415213.0
1535,Lithuania,2002,71.4,344367.0
1536,Lithuania,2001,71.2,347818.0
1537,Lithuania,2000,71.6,3499536.0
1538,Luxembourg,2015,82.0,56964.0
1539,Luxembourg,2014,81.7,556319.0
1540,Luxembourg,2013,81.4,54336.0
1541,Luxembourg,2012,81.1,53946.0
1542,Luxembourg,2011,88.0,518347.0
1543,Luxembourg,2010,86.0,56953.0
1544,Luxembourg,2009,83.0,497783.0
1545,Luxembourg,2008,80.0,48865.0
1546,Luxembourg,2007,79.7,479993.0
1547,Luxembourg,2006,79.4,472637.0
1548,Luxembourg,2005,78.8,465158.0
1549,Luxembourg,2004,78.7,45895.0
1550,Luxembourg,2003,78.6,45163.0
1551,Luxembourg,2002,78.3,446175.0
1552,Luxembourg,2001,78.0,441525.0
1553,Luxembourg,2000,77.8,4363.0
1554,Madagascar,2015,65.5,2423488.0
1555,Madagascar,2014,65.1,2358981.0
1556,Madagascar,2013,64.7,22961146.0
1557,Madagascar,2012,64.3,22346573.0
1558,Madagascar,2011,63.8,21743949.0
1559,Madagascar,2010,63.3,2115164.0
1560,Madagascar,2009,62.8,2569121.0
1561,Madagascar,2008,62.3,19996469.0
1562,Madagascar,2007,61.9,19433523.0
1563,Madagascar,2006,61.4,1888268.0
1564,Madagascar,2005,69.0,18336724.0
1565,Madagascar,2004,64.0,1782997.0
1566,Madagascar,2003,59.9,17279141.0
1567,Madagascar,2002,59.3,16765117.0
1568,Madagascar,2001,58.7,1626932.0
1569,Madagascar,2000,57.9,1576686.0
1570,Malawi,2015,58.3,1757367.0
1571,Malawi,2014,57.6,1768838.0
1572,Malawi,2013,56.7,16577147.0
1573,Malawi,2012,55.3,169735.0
1574,Malawi,2011,54.1,15627618.0
1575,Malawi,2010,52.9,1516795.0
1576,Malawi,2009,51.5,1471462.0
1577,Malawi,2008,50.0,14271234.0
1578,Malawi,2007,48.5,1384969.0
1579,Malawi,2006,47.1,13429262.0
1580,Malawi,2005,46.0,1339711.0
1581,Malawi,2004,45.1,1267638.0
1582,Malawi,2003,44.6,12336687.0
1583,Malawi,2002,44.0,1213711.0
1584,Malawi,2001,43.5,11695863.0
1585,Malawi,2000,43.1,11376172.0
1586,Malaysia,2015,75.0,3723155.0
1587,Malaysia,2014,74.8,322817.0
1588,Malaysia,2013,74.6,2976724.0
1589,Malaysia,2012,74.5,2917456.0
1590,Malaysia,2011,74.3,28635128.0
1591,Malaysia,2010,74.1,28112289.0
1592,Malaysia,2009,74.0,2765383.0
1593,Malaysia,2008,73.8,2711169.0
1594,Malaysia,2007,73.7,26625845.0
1595,Malaysia,2006,73.6,26143566.0
1596,Malaysia,2005,73.4,25659393.0
1597,Malaysia,2004,73.2,2517419.0
1598,Malaysia,2003,73.1,2468873.0
1599,Malaysia,2002,72.9,24198811.0
1600,Malaysia,2001,72.7,2369897.0
1601,Malaysia,2000,72.4,2318568.0
1602,Maldives,2015,78.5,49163.0
1603,Maldives,2014,78.2,41.0
1604,Maldives,2013,77.9,393.0
1605,Maldives,2012,77.6,385.0
1606,Maldives,2011,77.3,377.0
1607,Maldives,2010,76.7,367.0
1608,Maldives,2009,76.3,36.0
1609,Maldives,2008,75.9,362.0
1610,Maldives,2007,75.4,349.0
1611,Maldives,2006,75.0,333.0
1612,Maldives,2005,74.3,321.0
1613,Maldives,2004,73.4,312.0
1614,Maldives,2003,72.7,34.0
1615,Maldives,2002,71.8,297.0
1616,Maldives,2001,78.0,292.0
1617,Maldives,2000,69.6,286.0
1618,Mali,2015,58.2,1746795.0
1619,Mali,2014,57.8,16962846.0
1620,Mali,2013,57.3,16477818.0
1621,Mali,2012,57.2,16667.0
1622,Mali,2011,56.8,1554989.0
1623,Mali,2010,56.5,157585.0
1624,Mali,2009,56.0,1466597.0
1625,Mali,2008,55.5,14138216.0
1626,Mali,2007,55.0,1367566.0
1627,Mali,2006,54.3,1322764.0
1628,Mali,2005,53.6,12798763.0
1629,Mali,2004,52.8,1239196.0
1630,Mali,2003,52.0,125128.0
1631,Mali,2002,51.2,11638929.0
1632,Mali,2001,55.0,11293258.0
1633,Mali,2000,49.8,196769.0
1634,Malta,2015,81.7,431874.0
1635,Malta,2014,81.4,427364.0
1636,Malta,2013,81.1,423374.0
1637,Malta,2012,81.0,419455.0
1638,Malta,2011,87.0,416268.0
1639,Malta,2010,83.0,41458.0
1640,Malta,2009,82.0,412477.0
1641,Malta,2008,80.0,49379.0
1642,Malta,2007,79.6,46724.0
1643,Malta,2006,79.3,4538.0
1644,Malta,2005,79.0,43834.0
1645,Malta,2004,78.7,41268.0
1646,Malta,2003,78.5,398582.0
1647,Malta,2002,78.2,395969.0
1648,Malta,2001,77.8,39328.0
1649,Malta,2000,77.5,3987.0
1651,Mauritania,2015,63.1,4182341.0
1652,Mauritania,2014,63.0,46392.0
1653,Mauritania,2013,62.7,394617.0
1654,Mauritania,2012,62.5,383239.0
1655,Mauritania,2011,62.2,3717672.0
1656,Mauritania,2010,62.0,369543.0
1657,Mauritania,2009,61.7,356288.0
1658,Mauritania,2008,61.4,347541.0
1659,Mauritania,2007,61.2,3312665.0
1660,Mauritania,2006,69.0,322653.0
1661,Mauritania,2005,66.0,31372.0
1662,Mauritania,2004,64.0,342823.0
1663,Mauritania,2003,63.0,2957117.0
1664,Mauritania,2002,62.0,2873228.0
1665,Mauritania,2001,61.0,279729.0
1666,Mauritania,2000,60.0,279359.0
1667,Mauritius,2015,74.6,126265.0
1668,Mauritius,2014,74.2,126934.0
1669,Mauritius,2013,74.1,1258653.0
1670,Mauritius,2012,73.9,1255882.0
1671,Mauritius,2011,73.6,125244.0
1672,Mauritius,2010,73.3,1254.0
1673,Mauritius,2009,72.8,1247429.0
1674,Mauritius,2008,72.7,1244121.0
1675,Mauritius,2007,72.9,123963.0
1676,Mauritius,2006,71.8,1233996.0
1677,Mauritius,2005,72.1,1228254.0
1678,Mauritius,2004,71.9,12213.0
1679,Mauritius,2003,71.5,121337.0
1680,Mauritius,2002,71.5,124621.0
1681,Mauritius,2001,71.5,1196287.0
1682,Mauritius,2000,71.0,1186873.0
1683,Mexico,2015,76.7,12589949.0
1684,Mexico,2014,76.6,1242216.0
1685,Mexico,2013,76.6,122535969.0
1686,Mexico,2012,76.3,1282837.0
1687,Mexico,2011,76.1,119917.0
1688,Mexico,2010,75.6,117318941.0
1689,Mexico,2009,75.7,11555228.0
1690,Mexico,2008,75.6,11366189.0
1691,Mexico,2007,76.0,111836346.0
1692,Mexico,2006,75.8,1192378.0
1693,Mexico,2005,75.3,18472228.0
1694,Mexico,2004,75.4,16995583.0
1695,Mexico,2003,75.0,1564453.0
1696,Mexico,2002,75.0,1435568.0
1697,Mexico,2001,75.0,136768.0
1698,Mexico,2000,74.8,11719673.0
1716,Mongolia,2015,68.8,2976877.0
1717,Mongolia,2014,68.4,2923896.0
1718,Mongolia,2013,68.1,286917.0
1719,Mongolia,2012,67.8,2814226.0
1720,Mongolia,2011,67.3,2761516.0
1721,Mongolia,2010,66.3,271265.0
1722,Mongolia,2009,66.9,2668289.0
1723,Mongolia,2008,67.4,2628131.0
1724,Mongolia,2007,65.9,259167.0
1725,Mongolia,2006,65.0,255812.0
1726,Mongolia,2005,64.5,2526446.0
1727,Mongolia,2004,64.0,2496832.0
1728,Mongolia,2003,64.0,2469286.0
1729,Mongolia,2002,63.8,2443659.0
1730,Mongolia,2001,63.2,2419776.0
1731,Mongolia,2000,62.8,2397436.0
1732,Montenegro,2015,76.1,622159.0
1733,Montenegro,2014,75.9,62181.0
1734,Montenegro,2013,75.8,62127.0
1735,Montenegro,2012,75.6,6261.0
1736,Montenegro,2011,75.4,6279.0
1737,Montenegro,2010,75.3,619428.0
1738,Montenegro,2009,75.0,618294.0
1739,Montenegro,2008,74.6,616969.0
1740,Montenegro,2007,74.2,615875.0
1741,Montenegro,2006,73.8,61525.0
1742,Montenegro,2005,73.6,614261.0
1743,Montenegro,2004,73.5,613353.0
1744,Montenegro,2003,73.5,612267.0
1745,Montenegro,2002,73.4,69828.0
1746,Montenegro,2001,73.3,67389.0
1747,Montenegro,2000,73.0,6495.0
1748,Morocco,2015,74.3,3483322.0
1749,Morocco,2014,74.1,3431882.0
1750,Morocco,2013,73.9,33824769.0
1751,Morocco,2012,73.6,33333789.0
1752,Morocco,2011,73.3,32858823.0
1753,Morocco,2010,72.8,3249639.0
1754,Morocco,2009,72.3,31989897.0
1755,Morocco,2008,71.8,31596855.0
1756,Morocco,2007,71.4,31225881.0
1757,Morocco,2006,71.0,3869346.0
1758,Morocco,2005,77.0,35217.0
1759,Morocco,2004,72.0,3179285.0
1760,Morocco,2003,69.9,29843937.0
1761,Morocco,2002,69.5,29512368.0
1762,Morocco,2001,69.0,29181832.0
1763,Morocco,2000,68.6,28849621.0
1764,Mozambique,2015,57.6,281691.0
1765,Mozambique,2014,56.7,27212382.0
1766,Mozambique,2013,55.3,26434372.0
1767,Mozambique,2012,54.8,2567666.0
1768,Mozambique,2011,54.3,249395.0
1769,Mozambique,2010,54.0,2422145.0
1770,Mozambique,2009,53.8,2352463.0
1771,Mozambique,2008,53.2,22846758.0
1772,Mozambique,2007,52.1,22188387.0
1773,Mozambique,2006,51.2,21547463.0
1774,Mozambique,2005,58.0,29237.0
1775,Mozambique,2004,54.0,231275.0
1776,Mozambique,2003,51.0,19716598.0
1777,Mozambique,2002,49.8,19139658.0
1778,Mozambique,2001,49.5,18588758.0
1779,Mozambique,2000,49.0,1867687.0
1780,Myanmar,2015,66.6,5243669.0
1781,Myanmar,2014,66.4,51924182.0
1782,Myanmar,2013,66.2,51448196.0
1783,Myanmar,2012,65.9,5986514.0
1784,Myanmar,2011,65.6,555331.0
1785,Myanmar,2010,65.4,5155896.0
1786,Myanmar,2009,65.2,49869.0
1787,Myanmar,2008,59.2,49479752.0
1788,Myanmar,2007,64.5,49171586.0
1789,Myanmar,2006,64.2,48846474.0
1790,Myanmar,2005,63.9,48482614.0
1791,Myanmar,2004,63.5,487377.0
1792,Myanmar,2003,63.2,47624894.0
1793,Myanmar,2002,62.8,471422.0
1794,Myanmar,2001,62.5,46627994.0
1795,Myanmar,2000,62.1,4695462.0
1796,Namibia,2015,65.8,2425561.0
1797,Namibia,2014,65.9,237992.0
1798,Namibia,2013,66.1,231652.0
1799,Namibia,2012,65.8,2263934.0
1800,Namibia,2011,64.3,2215621.0
1801,Namibia,2010,63.0,217317.0
1802,Namibia,2009,62.4,21374.0
1803,Namibia,2008,61.7,216375.0
1804,Namibia,2007,60.0,279915.0
1805,Namibia,2006,57.0,255734.0
1806,Namibia,2005,55.1,232196.0
1807,Namibia,2004,54.7,29228.0
1808,Namibia,2003,55.0,1986535.0
1809,Namibia,2002,55.7,1962147.0
1810,Namibia,2001,56.5,1933596.0
1811,Namibia,2000,57.4,1899257.0
1813,Nepal,2015,69.2,28656282.0
1814,Nepal,2014,69.6,28323241.0
1815,Nepal,2013,69.3,2798531.0
1816,Nepal,2012,68.9,27649925.0
1817,Nepal,2011,68.4,27327147.0
1818,Nepal,2010,68.0,2723137.0
1819,Nepal,2009,67.5,2674113.0
1820,Nepal,2008,67.0,26475859.0
1821,Nepal,2007,66.6,26214847.0
1822,Nepal,2006,66.0,2594618.0
1823,Nepal,2005,65.4,2564287.0
1824,Nepal,2004,64.7,2539449.0
1825,Nepal,2003,64.3,2495623.0
1826,Nepal,2002,63.1,24566342.0
1827,Nepal,2001,63.2,24161777.0
1828,Nepal,2000,62.5,2374911.0
1829,Netherlands,2015,81.9,16939923.0
1830,Netherlands,2014,81.7,168658.0
1831,Netherlands,2013,81.4,1684432.0
1832,Netherlands,2012,81.1,16754962.0
1833,Netherlands,2011,81.1,1669374.0
1834,Netherlands,2010,88.0,16615394.0
1835,Netherlands,2009,86.0,1653388.0
1836,Netherlands,2008,83.0,16445593.0
1837,Netherlands,2007,82.0,16381696.0
1838,Netherlands,2006,79.8,1634611.0
1839,Netherlands,2005,79.4,16319868.0
1840,Netherlands,2004,79.2,16281779.0
1841,Netherlands,2003,78.7,1622532.0
1842,Netherlands,2002,78.4,16148929.0
1843,Netherlands,2001,78.3,164618.0
1844,Netherlands,2000,78.1,15925513.0
1861,Nicaragua,2015,74.8,68235.0
1862,Nicaragua,2014,74.5,613997.0
1863,Nicaragua,2013,73.9,5945747.0
1864,Nicaragua,2012,73.9,587718.0
1865,Nicaragua,2011,74.5,58782.0
1866,Nicaragua,2010,73.2,5737723.0
1867,Nicaragua,2009,73.2,5666581.0
1868,Nicaragua,2008,72.5,559456.0
1869,Nicaragua,2007,72.5,552216.0
1870,Nicaragua,2006,73.0,545211.0
1871,Nicaragua,2005,71.2,5379328.0
1872,Nicaragua,2004,71.0,53973.0
1873,Nicaragua,2003,76.0,524879.0
1874,Nicaragua,2002,75.0,5171734.0
1875,Nicaragua,2001,73.0,5175.0
1876,Nicaragua,2000,73.0,526796.0
1877,Niger,2015,61.8,19896965.0
1878,Niger,2014,61.4,19148219.0
1879,Niger,2013,69.0,18426372.0
1880,Niger,2012,63.0,17731634.0
1881,Niger,2011,59.4,1764636.0
1882,Niger,2010,58.2,16425578.0
1883,Niger,2009,57.1,15813913.0
1884,Niger,2008,56.0,15228525.0
1885,Niger,2007,55.2,14668338.0
1886,Niger,2006,54.5,1413264.0
1887,Niger,2005,53.7,13618449.0
1888,Niger,2004,52.9,1312712.0
1889,Niger,2003,52.1,1265687.0
1890,Niger,2002,51.4,12262.0
1891,Niger,2001,56.0,11771976.0
1892,Niger,2000,50.0,11352973.0
1893,Nigeria,2015,54.5,181181744.0
1894,Nigeria,2014,53.6,1764652.0
1895,Nigeria,2013,53.2,17182933.0
1896,Nigeria,2012,52.7,167297284.0
1897,Nigeria,2011,52.3,16287776.0
1898,Nigeria,2010,52.0,158578261.0
1899,Nigeria,2009,51.6,15442181.0
1900,Nigeria,2008,59.0,1534739.0
1901,Nigeria,2007,55.0,14641724.0
1902,Nigeria,2006,49.8,14261494.0
1903,Nigeria,2005,49.2,138939478.0
1904,Nigeria,2004,48.5,135393616.0
1905,Nigeria,2003,48.1,131972533.0
1906,Nigeria,2002,47.7,12866671.0
1907,Nigeria,2001,47.4,125463434.0
1908,Nigeria,2000,47.1,1223529.0
1910,Norway,2015,81.8,518867.0
1911,Norway,2014,81.6,5137232.0
1912,Norway,2013,81.5,579623.0
1913,Norway,2012,81.3,518573.0
1914,Norway,2011,81.1,495388.0
1915,Norway,2010,81.0,4889252.0
1916,Norway,2009,89.0,4828726.0
1917,Norway,2008,86.0,4768212.0
1918,Norway,2007,85.0,479153.0
1919,Norway,2006,84.0,466677.0
1920,Norway,2005,81.0,4623291.0
1921,Norway,2004,79.8,459191.0
1922,Norway,2003,79.4,4564855.0
1923,Norway,2002,78.9,4538159.0
1924,Norway,2001,78.8,4513751.0
1925,Norway,2000,78.5,449967.0
1942,Pakistan,2015,66.4,18938513.0
1943,Pakistan,2014,66.2,185546257.0
1944,Pakistan,2013,66.0,181712595.0
1945,Pakistan,2012,65.7,177911533.0
1946,Pakistan,2011,65.5,174184265.0
1947,Pakistan,2010,65.1,1756182.0
1948,Pakistan,2009,64.8,1674958.0
1949,Pakistan,2008,64.6,16364463.0
1950,Pakistan,2007,64.4,16332974.0
1951,Pakistan,2006,64.2,15793993.0
1952,Pakistan,2005,62.9,15399667.0
1953,Pakistan,2004,63.7,15783.0
1954,Pakistan,2003,63.5,1477341.0
1955,Pakistan,2002,63.2,144654143.0
1956,Pakistan,2001,63.0,14161437.0
1957,Pakistan,2000,62.8,138523285.0
1959,Panama,2015,77.8,3969249.0
1960,Panama,2014,77.6,393986.0
1961,Panama,2013,77.5,3838462.0
1962,Panama,2012,77.2,3772938.0
1963,Panama,2011,77.3,377782.0
1964,Panama,2010,76.5,3643222.0
1965,Panama,2009,76.8,3579385.0
1966,Panama,2008,76.5,3516268.0
1967,Panama,2007,76.4,345387.0
1968,Panama,2006,76.2,339195.0
1969,Panama,2005,75.8,333465.0
1970,Panama,2004,75.8,3269541.0
1971,Panama,2003,75.5,329174.0
1972,Panama,2002,75.7,3149265.0
1973,Panama,2001,75.5,389684.0
1974,Panama,2000,75.7,33347.0
1975,Papua New Guinea,2015,62.9,7919825.0
1976,Papua New Guinea,2014,62.7,7755785.0
1977,Papua New Guinea,2013,62.4,7592865.0
1978,Papua New Guinea,2012,62.2,743836.0
1979,Papua New Guinea,2011,62.0,7269348.0
1980,Papua New Guinea,2010,61.8,718239.0
1981,Papua New Guinea,2009,61.6,6947447.0
1982,Papua New Guinea,2008,61.4,6787187.0
1983,Papua New Guinea,2007,61.1,6627922.0
1984,Papua New Guinea,2006,68.0,647272.0
1985,Papua New Guinea,2005,64.0,631479.0
1986,Papua New Guinea,2004,59.9,6161517.0
1987,Papua New Guinea,2003,59.6,61724.0
1988,Papua New Guinea,2002,59.3,5862316.0
1989,Papua New Guinea,2001,59.1,5716152.0
1990,Papua New Guinea,2000,58.9,5572222.0
1991,Paraguay,2015,74.0,6639119.0
1992,Paraguay,2014,73.9,6552584.0
1993,Paraguay,2013,73.8,646574.0
1994,Paraguay,2012,73.6,6379219.0
1995,Paraguay,2011,73.4,6293783.0
1996,Paraguay,2010,73.2,629877.0
1997,Paraguay,2009,73.0,6127837.0
1998,Paraguay,2008,72.7,647117.0
1999,Paraguay,2007,72.5,5966159.0
2000,Paraguay,2006,72.3,5882796.0
2001,Paraguay,2005,72.1,5795494.0
2002,Paraguay,2004,71.9,57374.0
2003,Paraguay,2003,71.7,56795.0
2004,Paraguay,2002,71.5,558611.0
2005,Paraguay,2001,71.2,546624.0
2006,Paraguay,2000,79.0,5327.0
2007,Peru,2015,75.5,31376671.0
2008,Peru,2014,75.3,3973354.0
2009,Peru,2013,75.3,3565716.0
2010,Peru,2012,74.9,3158966.0
2011,Peru,2011,74.5,29759989.0
2012,Peru,2010,73.7,29373646.0
2013,Peru,2009,73.8,29157.0
2014,Peru,2008,73.9,2864198.0
2015,Peru,2007,74.0,28292724.0
2016,Peru,2006,74.2,27949944.0
2017,Peru,2005,72.8,276141.0
2018,Peru,2004,72.2,27273194.0
2019,Peru,2003,72.1,26937738.0
2020,Peru,2002,72.6,2661467.0
2021,Peru,2001,72.4,26261363.0
2022,Peru,2000,71.4,25914879.0
2023,Philippines,2015,68.5,11716359.0
2024,Philippines,2014,68.4,112249.0
2025,Philippines,2013,68.1,9848132.0
2026,Philippines,2012,68.1,96866642.0
2027,Philippines,2011,68.0,9527794.0
2028,Philippines,2010,67.9,93726624.0
2029,Philippines,2009,68.0,9222879.0
2030,Philippines,2008,67.5,9751864.0
2031,Philippines,2007,67.5,8929349.0
2032,Philippines,2006,67.3,8789419.0
2033,Philippines,2005,67.0,86274237.0
2034,Philippines,2004,67.3,84678493.0
2035,Philippines,2003,67.2,8331954.0
2036,Philippines,2002,66.8,813526.0
2037,Philippines,2001,66.8,79665315.0
2038,Philippines,2000,66.8,77991569.0
2039,Poland,2015,77.5,37986412.0
2040,Poland,2014,77.3,3811735.0
2041,Poland,2013,77.1,384196.0
2042,Poland,2012,76.8,3863164.0
2043,Poland,2011,76.7,3863255.0
2044,Poland,2010,76.3,3842794.0
2045,Poland,2009,75.7,3815163.0
2046,Poland,2008,75.5,38125759.0
2047,Poland,2007,75.3,381256.0
2048,Poland,2006,75.2,38141267.0
2049,Poland,2005,75.0,38165445.0
2050,Poland,2004,74.9,38182222.0
2051,Poland,2003,74.7,382457.0
2052,Poland,2002,74.5,3823364.0
2053,Poland,2001,74.2,3824876.0
2054,Poland,2000,73.7,38258629.0
2055,Portugal,2015,81.1,135876.0
2056,Portugal,2014,89.0,14162.0
2057,Portugal,2013,86.0,1457295.0
2058,Portugal,2012,83.0,1514844.0
2059,Portugal,2011,82.0,155756.0
2060,Portugal,2010,79.6,15731.0
2061,Portugal,2009,79.3,1568247.0
2062,Portugal,2008,79.0,1558177.0
2063,Portugal,2007,78.7,1542964.0
2064,Portugal,2006,78.5,1522288.0
2065,Portugal,2005,77.7,15333.0
2066,Portugal,2004,78.0,1483861.0
2067,Portugal,2003,77.3,1458821.0
2068,Portugal,2002,77.2,1419631.0
2069,Portugal,2001,76.9,1362722.0
2070,Portugal,2000,76.6,1289898.0
2119,Romania,2015,75.0,19815481.0
2120,Romania,2014,74.8,1998979.0
2121,Romania,2013,74.6,19983693.0
2122,Romania,2012,74.4,25835.0
2123,Romania,2011,74.3,2147528.0
2124,Romania,2010,73.4,2246871.0
2125,Romania,2009,73.1,2367487.0
2126,Romania,2008,73.1,2537875.0
2127,Romania,2007,72.9,2882982.0
2128,Romania,2006,72.5,2119376.0
2129,Romania,2005,71.9,21319685.0
2130,Romania,2004,71.7,21451748.0
2131,Romania,2003,71.1,21574326.0
2132,Romania,2002,77.0,2173496.0
2133,Romania,2001,78.0,2213197.0
2134,Romania,2000,77.0,22442971.0
2135,Russian Federation,2015,75.0,1449687.0
2136,Russian Federation,2014,73.0,143819666.0
2137,Russian Federation,2013,70.0,14356911.0
2138,Russian Federation,2012,69.6,14321676.0
2139,Russian Federation,2011,69.4,14296868.0
2140,Russian Federation,2010,68.4,142849449.0
2141,Russian Federation,2009,68.2,142785342.0
2142,Russian Federation,2008,67.5,14274235.0
2143,Russian Federation,2007,67.3,1428588.0
2144,Russian Federation,2006,66.4,14349528.0
2145,Russian Federation,2005,65.0,143518523.0
2146,Russian Federation,2004,64.9,1446754.0
2147,Russian Federation,2003,64.6,144648257.0
2148,Russian Federation,2002,64.8,1453646.0
2149,Russian Federation,2001,65.1,14597683.0
2150,Russian Federation,2000,65.0,146596557.0
2151,Rwanda,2015,66.1,11629553.0
2152,Rwanda,2014,65.7,11345357.0
2153,Rwanda,2013,65.2,1165151.0
2154,Rwanda,2012,64.6,1788853.0
2155,Rwanda,2011,63.8,151671.0
2156,Rwanda,2010,62.8,1246842.0
2157,Rwanda,2009,61.0,9977446.0
2158,Rwanda,2008,68.0,978169.0
2159,Rwanda,2007,59.6,944742.0
2160,Rwanda,2006,57.6,92658.0
2161,Rwanda,2005,55.3,8991735.0
2162,Rwanda,2004,53.4,8818438.0
2163,Rwanda,2003,52.0,868346.0
2164,Rwanda,2002,57.0,853625.0
2165,Rwanda,2001,48.6,832946.0
2166,Rwanda,2000,48.3,82573.0
2200,Samoa,2015,74.0,193759.0
2201,Samoa,2014,73.8,19229.0
2202,Samoa,2013,73.6,19757.0
2203,Samoa,2012,73.2,189194.0
2204,Samoa,2011,73.0,187665.0
2205,Samoa,2010,72.6,18625.0
2206,Samoa,2009,76.0,184826.0
2207,Samoa,2008,72.5,183526.0
2208,Samoa,2007,72.2,182286.0
2209,Samoa,2006,72.0,18194.0
2210,Samoa,2005,71.6,179929.0
2211,Samoa,2004,71.4,178781.0
2212,Samoa,2003,79.0,177662.0
2213,Samoa,2002,76.0,176582.0
2214,Samoa,2001,75.0,175566.0
2215,Samoa,2000,72.0,17461.0
2217,Sao Tome and Principe,2015,67.5,195553.0
2218,Sao Tome and Principe,2014,67.3,191266.0
2219,Sao Tome and Principe,2013,67.1,18745.0
2220,Sao Tome and Principe,2012,66.9,182889.0
2221,Sao Tome and Principe,2011,66.6,1788.0
2222,Sao Tome and Principe,2010,66.2,174776.0
2223,Sao Tome and Principe,2009,65.8,17813.0
2224,Sao Tome and Principe,2008,65.4,166913.0
2225,Sao Tome and Principe,2007,65.1,16311.0
2226,Sao Tome and Principe,2006,64.7,159328.0
2227,Sao Tome and Principe,2005,64.3,15563.0
2228,Sao Tome and Principe,2004,63.8,151969.0
2229,Sao Tome and Principe,2003,63.4,148372.0
2230,Sao Tome and Principe,2002,63.1,144889.0
2231,Sao Tome and Principe,2001,62.8,141622.0
2232,Sao Tome and Principe,2000,62.6,13866.0
2249,Senegal,2015,66.7,14976994.0
2250,Senegal,2014,66.4,14546111.0
2251,Senegal,2013,66.0,141232.0
2252,Senegal,2012,65.6,1373513.0
2253,Senegal,2011,64.9,13391.0
2254,Senegal,2010,64.3,12916229.0
2255,Senegal,2009,63.5,1255917.0
2256,Senegal,2008,62.8,1223957.0
2257,Senegal,2007,62.1,11873557.0
2258,Senegal,2006,61.3,11556763.0
2259,Senegal,2005,65.0,11251266.0
2260,Senegal,2004,59.7,1955944.0
2261,Senegal,2003,59.0,16799.0
2262,Senegal,2002,58.4,1396861.0
2263,Senegal,2001,57.9,1134497.0
2264,Senegal,2000,57.5,988452.0
2265,Serbia,2015,75.6,795383.0
2266,Serbia,2014,75.4,713576.0
2267,Serbia,2013,75.3,7164132.0
2268,Serbia,2012,74.9,719977.0
2269,Serbia,2011,74.6,723499.0
2270,Serbia,2010,74.4,7291436.0
2271,Serbia,2009,74.1,73287.0
2272,Serbia,2008,74.0,735222.0
2273,Serbia,2007,73.8,7381579.0
2274,Serbia,2006,73.6,7411569.0
2275,Serbia,2005,73.0,744769.0
2276,Serbia,2004,73.0,7463157.0
2277,Serbia,2003,73.0,748591.0
2278,Serbia,2002,72.9,7496522.0
2279,Serbia,2001,73.1,753433.0
2280,Serbia,2000,72.6,7516346.0
2281,Seychelles,2015,73.2,93419.0
2282,Seychelles,2014,73.0,91359.0
2283,Seychelles,2013,72.9,89949.0
2284,Seychelles,2012,72.7,8833.0
2285,Seychelles,2011,72.6,87441.0
2286,Seychelles,2010,72.4,8977.0
2287,Seychelles,2009,72.3,87298.0
2288,Seychelles,2008,72.2,86956.0
2289,Seychelles,2007,72.2,8533.0
2290,Seychelles,2006,72.2,846.0
2291,Seychelles,2005,72.2,82858.0
2292,Seychelles,2004,72.1,82475.0
2293,Seychelles,2003,72.1,82781.0
2294,Seychelles,2002,72.1,83723.0
2295,Seychelles,2001,72.0,8122.0
2296,Seychelles,2000,71.8,81131.0
2297,Sierra Leone,2015,51.0,723725.0
2298,Sierra Leone,2014,48.1,779162.0
2299,Sierra Leone,2013,54.0,692279.0
2300,Sierra Leone,2012,49.7,676613.0
2301,Sierra Leone,2011,48.9,6611692.0
2302,Sierra Leone,2010,48.1,645872.0
2303,Sierra Leone,2009,47.1,63126.0
2304,Sierra Leone,2008,46.2,6165372.0
2305,Sierra Leone,2007,45.3,615417.0
2306,Sierra Leone,2006,44.3,5848692.0
2307,Sierra Leone,2005,43.3,5658379.0
2308,Sierra Leone,2004,42.3,5439695.0
2309,Sierra Leone,2003,41.5,5199549.0
2310,Sierra Leone,2002,48.0,4957216.0
2311,Sierra Leone,2001,41.0,4739147.0
2312,Sierra Leone,2000,39.0,4564297.0
2345,Slovenia,2015,88.0,263531.0
2346,Slovenia,2014,87.0,26198.0
2347,Slovenia,2013,85.0,259953.0
2348,Slovenia,2012,82.0,257159.0
2349,Slovenia,2011,79.8,252843.0
2350,Slovenia,2010,79.5,248583.0
2351,Slovenia,2009,79.1,239669.0
2352,Slovenia,2008,78.9,221316.0
2353,Slovenia,2007,78.3,218122.0
2354,Slovenia,2006,78.1,26868.0
2355,Slovenia,2005,77.5,2474.0
2356,Slovenia,2004,77.2,199712.0
2357,Slovenia,2003,76.5,1995733.0
2358,Slovenia,2002,76.6,199453.0
2359,Slovenia,2001,76.2,19926.0
2360,Slovenia,2000,76.0,1988925.0
2361,Solomon Islands,2015,69.2,587482.0
2362,Solomon Islands,2014,68.8,57554.0
2363,Solomon Islands,2013,68.8,563513.0
2364,Solomon Islands,2012,68.7,551531.0
2365,Solomon Islands,2011,68.5,539614.0
2366,Solomon Islands,2010,68.3,52779.0
2367,Solomon Islands,2009,68.1,51679.0
2368,Solomon Islands,2008,68.0,54477.0
2369,Solomon Islands,2007,67.6,49294.0
2370,Solomon Islands,2006,67.6,481422.0
2371,Solomon Islands,2005,67.4,469885.0
2372,Solomon Islands,2004,67.1,458324.0
2373,Solomon Islands,2003,66.8,446769.0
2374,Solomon Islands,2002,66.5,435262.0
2375,Solomon Islands,2001,66.2,423853.0
2376,Solomon Islands,2000,65.8,41269.0
2393,South Africa,2015,62.9,5511976.68
2394,South Africa,2014,62.0,54146734.74
2395,South Africa,2013,69.0,53311955.61
2396,South Africa,2012,59.2,5256515.8
2397,South Africa,2011,58.9,51729345.36
2398,South Africa,2010,58.0,5979432.36
2399,South Africa,2009,56.5,5255813.11
2400,South Africa,2008,55.3,49557573.3
2401,South Africa,2007,54.5,48883844.99
2402,South Africa,2006,54.0,4823384.48
2403,South Africa,2005,53.8,476667.24
2404,South Africa,2004,53.7,4717.99
2405,South Africa,2003,54.0,46418193.9
2406,South Africa,2002,54.9,45855482.88
2407,South Africa,2001,56.0,45312937.0
2408,South Africa,2000,57.3,44896856.0
2409,South Sudan,2015,57.3,11882136.0
2410,South Sudan,2014,56.6,1153971.0
2411,South Sudan,2013,56.4,1117749.0
2412,South Sudan,2012,56.0,1818258.0
2413,South Sudan,2011,55.4,1448857.0
2414,South Sudan,2010,55.0,167192.0
2415,South Sudan,2009,54.3,967667.0
2416,South Sudan,2008,53.6,9263136.0
2417,South Sudan,2007,53.1,88568.0
2418,South Sudan,2006,52.5,8468152.0
2419,South Sudan,2005,51.9,818877.0
2420,South Sudan,2004,51.4,7787655.0
2421,South Sudan,2003,58.0,751642.0
2422,South Sudan,2002,52.0,7237276.0
2423,South Sudan,2001,49.6,6974442.0
2424,South Sudan,2000,48.9,67656.0
2425,Spain,2015,82.8,46447697.0
2426,Spain,2014,82.6,4648882.0
2427,Spain,2013,82.4,466245.0
2428,Spain,2012,82.0,4677355.0
2429,Spain,2011,82.1,46742697.0
2430,Spain,2010,81.9,46576897.0
2431,Spain,2009,81.6,46362946.0
2432,Spain,2008,81.3,4595416.0
2433,Spain,2007,89.0,4522683.0
2434,Spain,2006,88.0,44397319.0
2435,Spain,2005,81.0,43653155.0
2436,Spain,2004,81.0,42921895.0
2437,Spain,2003,79.4,42187645.0
2438,Spain,2002,79.5,41431558.0
2439,Spain,2001,79.4,485412.0
2440,Spain,2000,79.1,4567864.0
2441,Sri Lanka,2015,74.9,2966.0
2442,Sri Lanka,2014,74.7,2771.0
2443,Sri Lanka,2013,74.6,2585.0
2444,Sri Lanka,2012,74.5,2425.0
2445,Sri Lanka,2011,74.5,2271.0
2446,Sri Lanka,2010,74.5,2119.0
2447,Sri Lanka,2009,71.8,19968.0
2448,Sri Lanka,2008,72.3,19817.0
2449,Sri Lanka,2007,73.7,19668.0
2450,Sri Lanka,2006,73.8,1952.0
2451,Sri Lanka,2005,74.2,19373.0
2452,Sri Lanka,2004,69.1,19228.0
2453,Sri Lanka,2003,73.9,1983.0
2454,Sri Lanka,2002,73.7,18939.0
2455,Sri Lanka,2001,72.7,18797.0
2456,Sri Lanka,2000,71.5,18655.0
2457,Sudan,2015,64.1,3864783.0
2458,Sudan,2014,63.8,37737913.0
2459,Sudan,2013,63.5,36849918.0
2460,Sudan,2012,63.2,3599192.0
2461,Sudan,2011,62.7,35167314.0
2462,Sudan,2010,62.5,34385963.0
2463,Sudan,2009,62.0,3365619.0
2464,Sudan,2008,61.8,32955496.0
2465,Sudan,2007,61.4,32282526.0
2466,Sudan,2006,61.0,316764.0
2467,Sudan,2005,67.0,3911914.0
2468,Sudan,2004,59.7,3186341.0
2469,Sudan,2003,59.6,29435944.0
2470,Sudan,2002,59.4,28679565.0
2471,Sudan,2001,58.9,279455.0
2472,Sudan,2000,58.6,2725535.0
2473,Suriname,2015,71.6,55328.0
2474,Suriname,2014,71.4,547928.0
2475,Suriname,2013,71.2,54254.0
2476,Suriname,2012,71.3,53777.0
2477,Suriname,2011,76.0,531589.0
2478,Suriname,2010,73.0,52613.0
2479,Suriname,2009,70.0,52619.0
2480,Suriname,2008,69.8,515148.0
2481,Suriname,2007,69.5,5975.0
2482,Suriname,2006,69.3,5437.0
2483,Suriname,2005,68.9,498946.0
2484,Suriname,2004,68.3,49363.0
2485,Suriname,2003,68.0,488332.0
2486,Suriname,2002,67.9,48344.0
2487,Suriname,2001,67.7,47774.0
2488,Suriname,2000,67.4,47239.0
2489,Swaziland,2015,58.9,131911.0
2490,Swaziland,2014,58.4,129597.0
2491,Swaziland,2013,57.6,1271456.0
2492,Swaziland,2012,56.5,1248158.0
2493,Swaziland,2011,55.0,1225258.0
2494,Swaziland,2010,53.6,122843.0
2495,Swaziland,2009,52.6,118675.0
2496,Swaziland,2008,51.4,1158897.0
2497,Swaziland,2007,50.0,1138434.0
2498,Swaziland,2006,47.8,112514.0
2499,Swaziland,2005,46.0,115873.0
2500,Swaziland,2004,45.6,19553.0
2501,Swaziland,2003,45.9,187392.0
2502,Swaziland,2002,46.4,1893.0
2503,Swaziland,2001,47.1,172927.0
2504,Swaziland,2000,48.4,161468.0
2505,Sweden,2015,82.4,9799186.0
2506,Sweden,2014,82.3,969611.0
2507,Sweden,2013,81.9,96379.0
2508,Sweden,2012,81.7,9519374.0
2509,Sweden,2011,81.7,9449213.0
2510,Sweden,2010,81.5,9378126.0
2511,Sweden,2009,81.4,9298515.0
2512,Sweden,2008,81.1,9219637.0
2513,Sweden,2007,89.0,914892.0
2514,Sweden,2006,88.0,9855.0
2515,Sweden,2005,85.0,929572.0
2516,Sweden,2004,83.0,8993531.0
2517,Sweden,2003,82.0,8958229.0
2518,Sweden,2002,79.9,8924958.0
2519,Sweden,2001,79.8,889596.0
2520,Sweden,2000,79.6,887219.0
2521,Switzerland,2015,83.4,8282396.0
2522,Switzerland,2014,83.2,8188649.0
2523,Switzerland,2013,83.0,889346.0
2524,Switzerland,2012,82.7,7996861.0
2525,Switzerland,2011,82.6,7912398.0
2526,Switzerland,2010,82.3,782499.0
2527,Switzerland,2009,82.1,7743831.0
2528,Switzerland,2008,82.0,7647675.0
2529,Switzerland,2007,81.7,7551117.0
2530,Switzerland,2006,81.5,7483934.0
2531,Switzerland,2005,81.1,7437115.0
2532,Switzerland,2004,81.0,7389625.0
2533,Switzerland,2003,85.0,73391.0
2534,Switzerland,2002,84.0,7284753.0
2535,Switzerland,2001,82.0,7229854.0
2536,Switzerland,2000,79.7,718425.0
2537,Syrian Arab Republic,2015,64.5,18734987.0
2538,Syrian Arab Republic,2014,64.4,19239.0
2539,Syrian Arab Republic,2013,63.6,1989141.0
2540,Syrian Arab Republic,2012,62.8,24271.0
2541,Syrian Arab Republic,2011,71.7,2863993.0
2542,Syrian Arab Republic,2010,73.7,2118834.0
2543,Syrian Arab Republic,2009,73.8,2824893.0
2544,Syrian Arab Republic,2008,73.8,2325443.0
2545,Syrian Arab Republic,2007,73.8,1963286.0
2546,Syrian Arab Republic,2006,73.7,18914977.0
2547,Syrian Arab Republic,2005,73.5,18294611.0
2548,Syrian Arab Republic,2004,73.2,1786638.0
2549,Syrian Arab Republic,2003,73.0,17415266.0
2550,Syrian Arab Republic,2002,72.8,178791.0
2551,Syrian Arab Republic,2001,72.7,16766899.0
2552,Syrian Arab Republic,2000,72.6,1641848.0
2553,Tajikistan,2015,69.7,8548651.0
2554,Tajikistan,2014,69.6,8362745.0
2555,Tajikistan,2013,69.3,817789.0
2556,Tajikistan,2012,68.8,799562.0
2557,Tajikistan,2011,68.1,7815949.0
2558,Tajikistan,2010,67.3,764163.0
2559,Tajikistan,2009,66.7,7472819.0
2560,Tajikistan,2008,66.4,739728.0
2561,Tajikistan,2007,66.1,7152385.0
2562,Tajikistan,2006,65.9,7557.0
2563,Tajikistan,2005,65.5,6854176.0
2564,Tajikistan,2004,65.9,6712841.0
2565,Tajikistan,2003,65.2,6576877.0
2566,Tajikistan,2002,64.3,6447688.0
2567,Tajikistan,2001,64.0,6327125.0
2568,Tajikistan,2000,63.7,621625.0
2569,Thailand,2015,74.9,686576.0
2570,Thailand,2014,74.6,68416772.0
2571,Thailand,2013,74.5,6814365.0
2572,Thailand,2012,74.3,67843979.0
2573,Thailand,2011,74.1,675313.0
2574,Thailand,2010,73.9,672888.0
2575,Thailand,2009,73.7,66881867.0
2576,Thailand,2008,73.5,6654576.0
2577,Thailand,2007,73.3,66195615.0
2578,Thailand,2006,73.0,65824164.0
2579,Thailand,2005,72.5,6542547.0
2580,Thailand,2004,71.6,652231.0
2581,Thailand,2003,71.7,64554952.0
2582,Thailand,2002,71.4,6473164.0
2583,Thailand,2001,71.2,63543322.0
2584,Thailand,2000,71.1,6295821.0
2601,Timor-Leste,2015,68.3,124977.0
2602,Timor-Leste,2014,68.0,1212814.0
2603,Timor-Leste,2013,67.7,1184366.0
2604,Timor-Leste,2012,67.4,115676.0
2605,Timor-Leste,2011,67.2,1131523.0
2606,Timor-Leste,2010,66.9,119591.0
2607,Timor-Leste,2009,66.6,19221.0
2608,Timor-Leste,2008,66.2,17811.0
2609,Timor-Leste,2007,65.8,164973.0
2610,Timor-Leste,2006,64.9,148621.0
2611,Timor-Leste,2005,63.7,126484.0
2612,Timor-Leste,2004,62.3,996698.0
2613,Timor-Leste,2003,61.0,96852.0
2614,Timor-Leste,2002,62.0,923825.0
2615,Timor-Leste,2001,59.4,892531.0
2616,Timor-Leste,2000,58.7,87167.0
2617,Togo,2015,59.9,741682.0
2618,Togo,2014,59.7,7228915.0
2619,Togo,2013,59.4,742948.0
2620,Togo,2012,58.9,6859482.0
2621,Togo,2011,58.3,6679282.0
2622,Togo,2010,57.4,652952.0
2623,Togo,2009,56.7,633472.0
2624,Togo,2008,56.2,6161796.0
2625,Togo,2007,55.9,5997385.0
2626,Togo,2006,55.7,5837792.0
2627,Togo,2005,55.0,5683268.0
2628,Togo,2004,54.9,5534598.0
2629,Togo,2003,54.7,539141.0
2630,Togo,2002,54.7,5251472.0
2631,Togo,2001,54.6,511177.0
2632,Togo,2000,54.6,497367.0
2633,Tonga,2015,73.5,16364.0
2634,Tonga,2014,73.3,15782.0
2635,Tonga,2013,73.2,15328.0
2636,Tonga,2012,73.0,14951.0
2637,Tonga,2011,72.9,14577.0
2638,Tonga,2010,72.8,14137.0
2639,Tonga,2009,72.5,1364.0
2640,Tonga,2008,72.6,135.0
2641,Tonga,2007,72.5,12357.0
2642,Tonga,2006,72.4,11689.0
2643,Tonga,2005,72.3,1141.0
2644,Tonga,2004,72.2,146.0
2645,Tonga,2003,72.0,99789.0
2646,Tonga,2002,71.9,99184.0
2647,Tonga,2001,71.8,98611.0
2648,Tonga,2000,71.6,9882.0
2649,Trinidad and Tobago,2015,71.2,13692.0
2650,Trinidad and Tobago,2014,71.1,1354493.0
2651,Trinidad and Tobago,2013,71.0,1348248.0
2652,Trinidad and Tobago,2012,78.0,1341588.0
2653,Trinidad and Tobago,2011,76.0,1334788.0
2654,Trinidad and Tobago,2010,74.0,13281.0
2655,Trinidad and Tobago,2009,71.0,1321618.0
2656,Trinidad and Tobago,2008,69.9,1315372.0
2657,Trinidad and Tobago,2007,69.7,13926.0
2658,Trinidad and Tobago,2006,69.6,133144.0
2659,Trinidad and Tobago,2005,69.5,1296934.0
2660,Trinidad and Tobago,2004,69.4,129535.0
2661,Trinidad and Tobago,2003,69.3,128452.0
2662,Trinidad and Tobago,2002,69.2,1277837.0
2663,Trinidad and Tobago,2001,69.1,127238.0
2664,Trinidad and Tobago,2000,69.1,1267984.0
2665,Tunisia,2015,75.3,11273661.0
2666,Tunisia,2014,75.1,1114398.0
2667,Tunisia,2013,74.9,1114558.0
2668,Tunisia,2012,74.9,1886668.0
2669,Tunisia,2011,74.8,1761467.0
2670,Tunisia,2010,74.8,1639931.0
2671,Tunisia,2009,74.7,1521834.0
2672,Tunisia,2008,74.7,147336.0
2673,Tunisia,2007,74.6,129887.0
2674,Tunisia,2006,74.4,1196136.0
2675,Tunisia,2005,74.2,112482.0
2676,Tunisia,2004,74.0,11761.0
2677,Tunisia,2003,73.7,9939678.0
2678,Tunisia,2002,73.5,9864326.0
2679,Tunisia,2001,73.2,978571.0
2680,Tunisia,2000,72.9,9699197.0
2681,Turkey,2015,75.8,78271472.0
2682,Turkey,2014,75.5,773628.0
2683,Turkey,2013,75.2,75787333.0
2684,Turkey,2012,74.8,74569867.0
2685,Turkey,2011,74.5,7349455.0
2686,Turkey,2010,74.2,72326914.0
2687,Turkey,2009,73.9,71339185.0
2688,Turkey,2008,73.5,74432.0
2689,Turkey,2007,73.2,69597281.0
2690,Turkey,2006,72.8,6876345.0
2691,Turkey,2005,72.4,679346.0
2692,Turkey,2004,72.0,677855.0
2693,Turkey,2003,71.6,668583.0
2694,Turkey,2002,71.2,6514354.0
2695,Turkey,2001,78.0,64191474.0
2696,Turkey,2000,74.0,6324121.0
2697,Turkmenistan,2015,66.3,5565284.0
2698,Turkmenistan,2014,66.0,5466241.0
2699,Turkmenistan,2013,65.4,5366277.0
2700,Turkmenistan,2012,65.6,5267839.0
2701,Turkmenistan,2011,65.6,517461.0
2702,Turkmenistan,2010,65.8,58721.0
2703,Turkmenistan,2009,65.6,5795.0
2704,Turkmenistan,2008,64.5,4935762.0
2705,Turkmenistan,2007,64.1,487137.0
2706,Turkmenistan,2006,63.7,48115.0
2707,Turkmenistan,2005,63.3,4754641.0
2708,Turkmenistan,2004,63.5,473398.0
2709,Turkmenistan,2003,63.4,4655741.0
2710,Turkmenistan,2002,63.3,4612.0
2711,Turkmenistan,2001,64.0,45648.0
2712,Turkmenistan,2000,63.8,4516131.0
2714,Uganda,2015,62.3,414487.0
2715,Uganda,2014,61.5,38833338.0
2716,Uganda,2013,67.0,37553726.0
2717,Uganda,2012,60.0,3636796.0
2718,Uganda,2011,59.3,3593648.0
2719,Uganda,2010,58.4,33915133.0
2720,Uganda,2009,57.5,32771895.0
2721,Uganda,2008,56.3,31663896.0
2722,Uganda,2007,55.5,359487.0
2723,Uganda,2006,54.9,2955662.0
2724,Uganda,2005,53.2,2854394.0
2725,Uganda,2004,51.3,27568436.0
2726,Uganda,2003,51.0,2662482.0
2727,Uganda,2002,48.8,2571848.0
2728,Uganda,2001,47.7,24854892.0
2729,Uganda,2000,46.6,2439274.0
2730,Ukraine,2015,71.3,4515429.0
2731,Ukraine,2014,78.0,45271947.0
2732,Ukraine,2013,71.0,454896.0
2733,Ukraine,2012,77.0,455933.0
2734,Ukraine,2011,75.0,45761.0
2735,Ukraine,2010,69.8,45877.0
2736,Ukraine,2009,69.2,46533.0
2737,Ukraine,2008,67.7,462582.0
2738,Ukraine,2007,67.5,465935.0
2739,Ukraine,2006,67.7,4678775.0
2740,Ukraine,2005,67.0,471515.0
2741,Ukraine,2004,67.4,474516.0
2742,Ukraine,2003,67.6,4781295.0
2743,Ukraine,2002,67.6,48225.0
2744,Ukraine,2001,67.7,48683865.0
2745,Ukraine,2000,67.5,49175848.0
2810,Uruguay,2015,77.0,3431552.0
2811,Uruguay,2014,76.8,3419546.0
2812,Uruguay,2013,76.8,3485.0
2813,Uruguay,2012,76.5,3396777.0
2814,Uruguay,2011,77.0,3385624.0
2815,Uruguay,2010,76.3,3374415.0
2816,Uruguay,2009,76.6,3362755.0
2817,Uruguay,2008,76.4,335824.0
2818,Uruguay,2007,75.4,3339741.0
2819,Uruguay,2006,76.2,333143.0
2820,Uruguay,2005,75.7,3325612.0
2821,Uruguay,2004,75.4,332496.0
2822,Uruguay,2003,75.4,3325637.0
2823,Uruguay,2002,75.4,3327773.0
2824,Uruguay,2001,75.2,332713.0
2825,Uruguay,2000,75.1,3321245.0
2826,Uzbekistan,2015,69.4,312989.0
2827,Uzbekistan,2014,69.2,37577.0
2828,Uzbekistan,2013,69.1,32432.0
2829,Uzbekistan,2012,68.8,297745.0
2830,Uzbekistan,2011,68.5,293394.0
2831,Uzbekistan,2010,68.3,285624.0
2832,Uzbekistan,2009,68.0,277674.0
2833,Uzbekistan,2008,67.9,27328.0
2834,Uzbekistan,2007,67.8,26868.0
2835,Uzbekistan,2006,67.6,2648825.0
2836,Uzbekistan,2005,67.3,26167.0
2837,Uzbekistan,2004,67.8,2586435.0
2838,Uzbekistan,2003,67.2,2556765.0
2839,Uzbekistan,2002,67.1,2527185.0
2840,Uzbekistan,2001,67.4,2496445.0
2841,Uzbekistan,2000,67.1,24654.0
2842,Vanuatu,2015,72.0,26463.0
2843,Vanuatu,2014,71.7,25885.0
2844,Vanuatu,2013,71.6,253142.0
2845,Vanuatu,2012,71.4,247485.0
2846,Vanuatu,2011,71.2,241871.0
2847,Vanuatu,2010,71.0,236295.0
2848,Vanuatu,2009,78.0,23785.0
2849,Vanuatu,2008,75.0,22534.0
2850,Vanuatu,2007,73.0,219953.0
2851,Vanuatu,2006,71.0,214634.0
2852,Vanuatu,2005,69.9,2937.0
2853,Vanuatu,2004,69.6,24143.0
2854,Vanuatu,2003,69.4,198964.0
2855,Vanuatu,2002,69.3,193956.0
2856,Vanuatu,2001,69.1,18929.0
2857,Vanuatu,2000,69.0,18563.0
2906,Zambia,2015,61.8,161587.0
2907,Zambia,2014,61.1,1562974.0
2908,Zambia,2013,63.0,1515321.0
2909,Zambia,2012,59.2,14699937.0
2910,Zambia,2011,58.2,14264756.0
2911,Zambia,2010,58.0,138533.0
2912,Zambia,2009,57.4,13456417.0
2913,Zambia,2008,55.7,1382517.0
2914,Zambia,2007,52.6,12725974.0
2915,Zambia,2006,58.0,12383446.0
2916,Zambia,2005,49.3,1252156.0
2917,Zambia,2004,47.9,11731746.0
2918,Zambia,2003,46.4,11421984.0
2919,Zambia,2002,45.5,111249.0
2920,Zambia,2001,44.6,1824125.0
2921,Zambia,2000,43.8,1531221.0
2922,Zimbabwe,2015,67.0,15777451.0
2923,Zimbabwe,2014,59.2,15411675.0
2924,Zimbabwe,2013,58.0,155456.0
2925,Zimbabwe,2012,56.6,1471826.0
2926,Zimbabwe,2011,54.9,14386649.0
2927,Zimbabwe,2010,52.4,1486317.0
2928,Zimbabwe,2009,50.0,1381599.0
2929,Zimbabwe,2008,48.2,13558469.0
2930,Zimbabwe,2007,46.6,1332999.0
2931,Zimbabwe,2006,45.4,13124267.0
2932,Zimbabwe,2005,44.6,129432.0
2933,Zimbabwe,2004,44.3,12777511.0
2934,Zimbabwe,2003,44.5,12633897.0
2935,Zimbabwe,2002,44.8,125525.0
2936,Zimbabwe,2001,45.3,12366165.0
2937,Zimbabwe,2000,46.0,12222251.0
