,Country,Year,Life expectancy ,Income composition of resources
0,Afghanistan,2015,65.0,0.479
1,Afghanistan,2014,59.9,0.47600000000000003
2,Afghanistan,2013,59.9,0.47
3,Afghanistan,2012,59.5,0.46299999999999997
4,Afghanistan,2011,59.2,0.45399999999999996
5,Afghanistan,2010,58.8,0.44799999999999995
6,Afghanistan,2009,58.6,0.434
7,Afghanistan,2008,58.1,0.433
8,Afghanistan,2007,57.5,0.415
9,Afghanistan,2006,57.3,0.405
10,Afghanistan,2005,57.3,0.396
11,Afghanistan,2004,57.0,0.381
12,Afghanistan,2003,56.7,0.373
13,Afghanistan,2002,56.2,0.341
14,Afghanistan,2001,55.3,0.34
15,Afghanistan,2000,54.8,0.33799999999999997
16,Albania,2015,77.8,0.762
17,Albania,2014,77.5,0.7609999999999999
18,Albania,2013,77.2,0.759
19,Albania,2012,76.9,0.752
20,Albania,2011,76.6,0.738
21,Albania,2010,76.2,0.725
22,Albania,2009,76.1,0.721
23,Albania,2008,75.3,0.713
24,Albania,2007,75.9,0.703
25,Albania,2006,74.2,0.696
26,Albania,2005,73.5,0.685
27,Albania,2004,73.0,0.6809999999999999
28,Albania,2003,72.8,0.674
29,Albania,2002,73.3,0.67
30,Albania,2001,73.6,0.662
31,Albania,2000,72.6,0.6559999999999999
32,Algeria,2015,75.6,0.743
33,Algeria,2014,75.4,0.741
34,Algeria,2013,75.3,0.737
35,Algeria,2012,75.1,0.732
36,Algeria,2011,74.9,0.7240000000000001
37,Algeria,2010,74.7,0.7140000000000001
38,Algeria,2009,74.4,0.705
39,Algeria,2008,74.1,0.6970000000000001
40,Algeria,2007,73.8,0.69
41,Algeria,2006,73.4,0.6859999999999999
42,Algeria,2005,72.9,0.68
43,Algeria,2004,72.3,0.6729999999999999
44,Algeria,2003,71.7,0.6629999999999999
45,Algeria,2002,71.6,0.653
46,Algeria,2001,71.4,0.644
47,Algeria,2000,71.3,0.636
48,Angola,2015,52.4,0.531
49,Angola,2014,51.7,0.527
50,Angola,2013,51.1,0.523
51,Angola,2012,56.0,0.508
52,Angola,2011,51.0,0.495
53,Angola,2010,49.6,0.488
54,Angola,2009,49.1,0.48
55,Angola,2008,48.7,0.46799999999999997
56,Angola,2007,48.2,0.45399999999999996
57,Angola,2006,47.7,0.439
58,Angola,2005,47.4,0.426
59,Angola,2004,47.1,0.415
60,Angola,2003,46.8,0.406
61,Angola,2002,46.5,0.401
62,Angola,2001,45.7,0.391
63,Angola,2000,45.3,0.382
64,Antigua and Barbuda,2015,76.4,0.784
65,Antigua and Barbuda,2014,76.2,0.782
66,Antigua and Barbuda,2013,76.1,0.7809999999999999
67,Antigua and Barbuda,2012,75.9,0.778
68,Antigua and Barbuda,2011,75.7,0.782
69,Antigua and Barbuda,2010,75.6,0.7829999999999999
70,Antigua and Barbuda,2009,75.4,0.7879999999999999
71,Antigua and Barbuda,2008,75.2,0.7859999999999999
72,Antigua and Barbuda,2007,75.0,0.7809999999999999
73,Antigua and Barbuda,2006,74.8,0.773
74,Antigua and Barbuda,2005,74.6,0.0
75,Antigua and Barbuda,2004,74.4,0.0
76,Antigua and Barbuda,2003,74.2,0.0
77,Antigua and Barbuda,2002,74.0,0.0
78,Antigua and Barbuda,2001,73.8,0.0
79,Antigua and Barbuda,2000,73.6,0.0
80,Argentina,2015,76.3,0.826
81,Argentina,2014,76.2,0.825
82,Argentina,2013,76.0,0.823
83,Argentina,2012,75.9,0.8220000000000001
84,Argentina,2011,75.7,0.816
85,Argentina,2010,75.5,0.802
86,Argentina,2009,75.6,0.794
87,Argentina,2008,75.4,0.792
88,Argentina,2007,74.8,0.7879999999999999
89,Argentina,2006,75.2,0.782
90,Argentina,2005,74.9,0.78
91,Argentina,2004,74.7,0.775
92,Argentina,2003,74.1,0.77
93,Argentina,2002,74.1,0.7759999999999999
94,Argentina,2001,74.0,0.7709999999999999
95,Argentina,2000,74.1,0.764
96,Armenia,2015,74.8,0.741
97,Armenia,2014,74.6,0.7390000000000001
98,Armenia,2013,74.4,0.736
99,Armenia,2012,74.4,0.732
100,Armenia,2011,73.9,0.7290000000000001
101,Armenia,2010,73.5,0.72
102,Armenia,2009,73.3,0.725
103,Armenia,2008,73.2,0.721
104,Armenia,2007,73.5,0.7070000000000001
105,Armenia,2006,72.9,0.6920000000000001
106,Armenia,2005,73.0,0.679
107,Armenia,2004,73.0,0.6679999999999999
108,Armenia,2003,72.7,0.657
109,Armenia,2002,72.6,0.645
110,Armenia,2001,72.6,0.644
111,Armenia,2000,72.0,0.639
112,Australia,2015,82.8,0.937
113,Australia,2014,82.7,0.9359999999999999
114,Australia,2013,82.5,0.9329999999999999
115,Australia,2012,82.3,0.93
116,Australia,2011,82.0,0.927
117,Australia,2010,81.9,0.927
118,Australia,2009,81.7,0.925
119,Australia,2008,81.3,0.9209999999999999
120,Australia,2007,81.3,0.9179999999999999
121,Australia,2006,81.2,0.915
122,Australia,2005,81.0,0.91
123,Australia,2004,86.0,0.9079999999999999
124,Australia,2003,83.0,0.905
125,Australia,2002,79.9,0.902
126,Australia,2001,79.9,0.899
127,Australia,2000,79.5,0.897
128,Austria,2015,81.5,0.892
129,Austria,2014,81.4,0.892
130,Austria,2013,81.1,0.887
131,Austria,2012,88.0,0.884
132,Austria,2011,88.0,0.88
133,Austria,2010,84.0,0.872
134,Austria,2009,82.0,0.87
135,Austria,2008,84.0,0.8640000000000001
136,Austria,2007,81.0,0.86
137,Austria,2006,79.8,0.8540000000000001
138,Austria,2005,79.4,0.848
139,Austria,2004,79.3,0.841
140,Austria,2003,78.8,0.8370000000000001
141,Austria,2002,78.7,0.847
142,Austria,2001,78.6,0.8370000000000001
143,Austria,2000,78.1,0.833
144,Azerbaijan,2015,72.7,0.758
145,Azerbaijan,2014,72.5,0.752
146,Azerbaijan,2013,72.2,0.745
147,Azerbaijan,2012,71.9,0.742
148,Azerbaijan,2011,71.6,0.741
149,Azerbaijan,2010,71.1,0.737
150,Azerbaijan,2009,78.0,0.728
151,Azerbaijan,2008,73.0,0.7190000000000001
152,Azerbaijan,2007,73.0,0.708
153,Azerbaijan,2006,69.2,0.682
154,Azerbaijan,2005,68.4,0.675
155,Azerbaijan,2004,68.4,0.6679999999999999
156,Azerbaijan,2003,67.8,0.659
157,Azerbaijan,2002,67.8,0.6509999999999999
158,Azerbaijan,2001,67.5,0.642
159,Azerbaijan,2000,66.6,0.636
160,Bahamas,2015,76.1,0.79
161,Bahamas,2014,75.4,0.789
162,Bahamas,2013,74.8,0.79
163,Bahamas,2012,74.9,0.789
164,Bahamas,2011,75.0,0.7879999999999999
165,Bahamas,2010,75.0,0.7879999999999999
166,Bahamas,2009,74.6,0.7909999999999999
167,Bahamas,2008,74.5,0.7909999999999999
168,Bahamas,2007,74.4,0.79
169,Bahamas,2006,74.2,0.7879999999999999
170,Bahamas,2005,74.1,0.7859999999999999
171,Bahamas,2004,73.8,0.784
172,Bahamas,2003,73.2,0.7829999999999999
173,Bahamas,2002,73.1,0.7809999999999999
174,Bahamas,2001,72.9,0.779
175,Bahamas,2000,72.6,0.0
176,Bahrain,2015,76.9,0.823
177,Bahrain,2014,76.8,0.82
178,Bahrain,2013,76.7,0.815
179,Bahrain,2012,76.5,0.812
180,Bahrain,2011,76.1,0.812
181,Bahrain,2010,76.1,0.81
182,Bahrain,2009,76.0,0.8140000000000001
183,Bahrain,2008,75.8,0.815
184,Bahrain,2007,75.6,0.813
185,Bahrain,2006,75.5,0.81
186,Bahrain,2005,75.3,0.8059999999999999
187,Bahrain,2004,75.2,0.8029999999999999
188,Bahrain,2003,75.0,0.7979999999999999
189,Bahrain,2002,74.9,0.7959999999999999
190,Bahrain,2001,74.7,0.794
191,Bahrain,2000,74.5,0.7859999999999999
192,Bangladesh,2015,71.8,0.575
193,Bangladesh,2014,71.4,0.57
194,Bangladesh,2013,71.0,0.565
195,Bangladesh,2012,77.0,0.557
196,Bangladesh,2011,73.0,0.545
197,Bangladesh,2010,69.9,0.535
198,Bangladesh,2009,69.5,0.523
199,Bangladesh,2008,69.1,0.52
200,Bangladesh,2007,68.6,0.513
201,Bangladesh,2006,68.2,0.506
202,Bangladesh,2005,67.8,0.499
203,Bangladesh,2004,67.3,0.491
204,Bangladesh,2003,66.8,0.484
205,Bangladesh,2002,66.3,0.47600000000000003
206,Bangladesh,2001,65.8,0.46799999999999997
207,Bangladesh,2000,65.3,0.45899999999999996
208,Barbados,2015,75.5,0.794
209,Barbados,2014,75.4,0.7929999999999999
210,Barbados,2013,75.2,0.792
211,Barbados,2012,75.1,0.785
212,Barbados,2011,74.9,0.78
213,Barbados,2010,74.7,0.7809999999999999
214,Barbados,2009,74.6,0.779
215,Barbados,2008,74.4,0.775
216,Barbados,2007,74.2,0.7709999999999999
217,Barbados,2006,74.1,0.7659999999999999
218,Barbados,2005,73.9,0.7609999999999999
219,Barbados,2004,73.8,0.757
220,Barbados,2003,73.7,0.753
221,Barbados,2002,73.5,0.7490000000000001
222,Barbados,2001,73.4,0.75
223,Barbados,2000,73.3,0.741
224,Belarus,2015,72.3,0.7979999999999999
225,Belarus,2014,72.0,0.7959999999999999
226,Belarus,2013,71.7,0.7959999999999999
227,Belarus,2012,71.9,0.7929999999999999
228,Belarus,2011,72.0,0.787
229,Belarus,2010,73.0,0.78
230,Belarus,2009,70.0,0.7709999999999999
231,Belarus,2008,70.0,0.755
232,Belarus,2007,69.8,0.7390000000000001
233,Belarus,2006,68.9,0.723
234,Belarus,2005,68.1,0.713
235,Belarus,2004,68.2,0.703
236,Belarus,2003,67.7,0.695
237,Belarus,2002,67.2,0.687
238,Belarus,2001,67.7,0.6809999999999999
239,Belarus,2000,68.0,0.675
240,Belgium,2015,81.1,0.895
241,Belgium,2014,89.0,0.89
242,Belgium,2013,87.0,0.889
243,Belgium,2012,83.0,0.8859999999999999
244,Belgium,2011,83.0,0.884
245,Belgium,2010,80.0,0.878
246,Belgium,2009,79.8,0.8759999999999999
247,Belgium,2008,79.5,0.8740000000000001
248,Belgium,2007,79.5,0.871
249,Belgium,2006,79.4,0.865
250,Belgium,2005,78.9,0.861
251,Belgium,2004,78.8,0.88
252,Belgium,2003,78.3,0.878
253,Belgium,2002,78.0,0.875
254,Belgium,2001,78.0,0.873
255,Belgium,2000,77.6,0.8690000000000001
256,Belize,2015,71.0,0.706
257,Belize,2014,70.0,0.705
258,Belize,2013,69.8,0.706
259,Belize,2012,69.4,0.7020000000000001
260,Belize,2011,69.4,0.7
261,Belize,2010,69.5,0.7
262,Belize,2009,69.5,0.7
263,Belize,2008,69.6,0.6990000000000001
264,Belize,2007,69.6,0.7
265,Belize,2006,69.4,0.6920000000000001
266,Belize,2005,69.0,0.695
267,Belize,2004,68.7,0.691
268,Belize,2003,68.4,0.684
269,Belize,2002,68.5,0.6779999999999999
270,Belize,2001,68.2,0.677
271,Belize,2000,68.3,0.6679999999999999
272,Benin,2015,60.0,0.48100000000000004
273,Benin,2014,59.7,0.475
274,Benin,2013,59.5,0.466
275,Benin,2012,59.3,0.45799999999999996
276,Benin,2011,59.1,0.45399999999999996
277,Benin,2010,58.7,0.451
278,Benin,2009,58.4,0.44799999999999995
279,Benin,2008,57.6,0.444
280,Benin,2007,57.1,0.43799999999999994
281,Benin,2006,56.8,0.434
282,Benin,2005,56.5,0.43
283,Benin,2004,56.1,0.423
284,Benin,2003,55.8,0.41600000000000004
285,Benin,2002,55.6,0.40700000000000003
286,Benin,2001,55.5,0.395
287,Benin,2000,55.4,0.389
288,Bhutan,2015,69.8,0.604
289,Bhutan,2014,69.4,0.596
290,Bhutan,2013,69.1,0.589
291,Bhutan,2012,68.7,0.581
292,Bhutan,2011,68.3,0.5720000000000001
293,Bhutan,2010,67.9,0.0
294,Bhutan,2009,67.4,0.0
295,Bhutan,2008,67.0,0.0
296,Bhutan,2007,66.5,0.0
297,Bhutan,2006,65.8,0.0
298,Bhutan,2005,65.0,0.0
299,Bhutan,2004,64.2,0.0
300,Bhutan,2003,63.3,0.0
301,Bhutan,2002,62.5,0.0
302,Bhutan,2001,61.7,0.0
303,Bhutan,2000,62.0,0.0
304,Bolivia (Plurinational State of),2015,77.0,0.6709999999999999
305,Bolivia (Plurinational State of),2014,74.0,0.6659999999999999
306,Bolivia (Plurinational State of),2013,71.0,0.6609999999999999
307,Bolivia (Plurinational State of),2012,69.8,0.655
308,Bolivia (Plurinational State of),2011,69.3,0.649
309,Bolivia (Plurinational State of),2010,68.7,0.643
310,Bolivia (Plurinational State of),2009,68.0,0.636
311,Bolivia (Plurinational State of),2008,67.4,0.632
312,Bolivia (Plurinational State of),2007,66.8,0.626
313,Bolivia (Plurinational State of),2006,66.2,0.625
314,Bolivia (Plurinational State of),2005,65.7,0.622
315,Bolivia (Plurinational State of),2004,65.1,0.62
316,Bolivia (Plurinational State of),2003,64.5,0.617
317,Bolivia (Plurinational State of),2002,63.9,0.61
318,Bolivia (Plurinational State of),2001,63.3,0.607
319,Bolivia (Plurinational State of),2000,62.6,0.6
320,Bosnia and Herzegovina,2015,77.4,0.747
321,Bosnia and Herzegovina,2014,77.2,0.742
322,Bosnia and Herzegovina,2013,77.0,0.735
323,Bosnia and Herzegovina,2012,76.8,0.728
324,Bosnia and Herzegovina,2011,76.9,0.711
325,Bosnia and Herzegovina,2010,76.4,0.7170000000000001
326,Bosnia and Herzegovina,2009,76.1,0.716
327,Bosnia and Herzegovina,2008,76.0,0.71
328,Bosnia and Herzegovina,2007,75.4,0.703
329,Bosnia and Herzegovina,2006,75.7,0.6970000000000001
330,Bosnia and Herzegovina,2005,75.0,0.0
331,Bosnia and Herzegovina,2004,75.5,0.0
332,Bosnia and Herzegovina,2003,75.2,0.0
333,Bosnia and Herzegovina,2002,75.4,0.0
334,Bosnia and Herzegovina,2001,74.9,0.0
335,Bosnia and Herzegovina,2000,74.6,0.0
336,Botswana,2015,65.7,0.698
337,Botswana,2014,65.1,0.6970000000000001
338,Botswana,2013,64.2,0.693
339,Botswana,2012,63.4,0.687
340,Botswana,2011,62.2,0.6779999999999999
341,Botswana,2010,61.1,0.669
342,Botswana,2009,59.2,0.6609999999999999
343,Botswana,2008,57.5,0.6459999999999999
344,Botswana,2007,56.9,0.63
345,Botswana,2006,54.8,0.61
346,Botswana,2005,51.7,0.593
347,Botswana,2004,48.1,0.58
348,Botswana,2003,46.4,0.5670000000000001
349,Botswana,2002,46.0,0.5579999999999999
350,Botswana,2001,46.7,0.56
351,Botswana,2000,47.8,0.5589999999999999
352,Brazil,2015,75.0,0.754
353,Brazil,2014,74.8,0.747
354,Brazil,2013,74.7,0.7340000000000001
355,Brazil,2012,74.5,0.73
356,Brazil,2011,74.1,0.7240000000000001
357,Brazil,2010,73.8,0.716
358,Brazil,2009,73.6,0.7140000000000001
359,Brazil,2008,73.4,0.7040000000000001
360,Brazil,2007,73.3,0.7
361,Brazil,2006,73.0,0.698
362,Brazil,2005,72.7,0.6940000000000001
363,Brazil,2004,72.0,0.695
364,Brazil,2003,71.8,0.6990000000000001
365,Brazil,2002,71.4,0.6920000000000001
366,Brazil,2001,71.0,0.685
367,Brazil,2000,75.0,0.677
368,Brunei Darussalam,2015,77.7,0.8640000000000001
369,Brunei Darussalam,2014,77.6,0.863
370,Brunei Darussalam,2013,77.1,0.86
371,Brunei Darussalam,2012,78.3,0.852
372,Brunei Darussalam,2011,77.4,0.846
373,Brunei Darussalam,2010,76.9,0.845
374,Brunei Darussalam,2009,76.8,0.841
375,Brunei Darussalam,2008,77.2,0.84
376,Brunei Darussalam,2007,76.0,0.84
377,Brunei Darussalam,2006,76.3,0.8370000000000001
378,Brunei Darussalam,2005,76.2,0.8340000000000001
379,Brunei Darussalam,2004,76.4,0.828
380,Brunei Darussalam,2003,76.0,0.823
381,Brunei Darussalam,2002,74.8,0.82
382,Brunei Darussalam,2001,74.7,0.8190000000000001
383,Brunei Darussalam,2000,74.4,0.818
384,Bulgaria,2015,74.5,0.792
385,Bulgaria,2014,74.3,0.787
386,Bulgaria,2013,74.1,0.7809999999999999
387,Bulgaria,2012,73.9,0.778
388,Bulgaria,2011,73.7,0.775
389,Bulgaria,2010,73.4,0.77
390,Bulgaria,2009,73.2,0.768
391,Bulgaria,2008,72.9,0.7609999999999999
392,Bulgaria,2007,72.6,0.755
393,Bulgaria,2006,72.2,0.75
394,Bulgaria,2005,72.1,0.745
395,Bulgaria,2004,72.2,0.738
396,Bulgaria,2003,72.0,0.7290000000000001
397,Bulgaria,2002,71.8,0.723
398,Bulgaria,2001,71.6,0.713
399,Bulgaria,2000,71.1,0.7090000000000001
400,Burkina Faso,2015,59.9,0.39899999999999997
401,Burkina Faso,2014,59.3,0.39799999999999996
402,Burkina Faso,2013,59.0,0.392
403,Burkina Faso,2012,58.6,0.384
404,Burkina Faso,2011,58.1,0.377
405,Burkina Faso,2010,57.5,0.365
406,Burkina Faso,2009,56.9,0.35600000000000004
407,Burkina Faso,2008,56.1,0.345
408,Burkina Faso,2007,55.3,0.33399999999999996
409,Burkina Faso,2006,54.3,0.325
410,Burkina Faso,2005,53.3,0.0
411,Burkina Faso,2004,52.4,0.0
412,Burkina Faso,2003,51.6,0.0
413,Burkina Faso,2002,51.0,0.0
414,Burkina Faso,2001,56.0,0.0
415,Burkina Faso,2000,51.0,0.0
416,Burundi,2015,59.6,0.406
417,Burundi,2014,59.1,0.40399999999999997
418,Burundi,2013,58.6,0.39799999999999996
419,Burundi,2012,58.0,0.39299999999999996
420,Burundi,2011,57.4,0.385
421,Burundi,2010,56.8,0.361
422,Burundi,2009,56.2,0.336
423,Burundi,2008,55.3,0.319
424,Burundi,2007,54.8,0.309
425,Burundi,2006,54.1,0.29
426,Burundi,2005,53.4,0.28600000000000003
427,Burundi,2004,52.6,0.27899999999999997
428,Burundi,2003,51.9,0.276
429,Burundi,2002,51.5,0.268
430,Burundi,2001,51.3,0.268
431,Burundi,2000,58.0,0.268
448,Cabo Verde,2015,73.3,0.6459999999999999
449,Cabo Verde,2014,73.0,0.643
450,Cabo Verde,2013,72.8,0.643
451,Cabo Verde,2012,72.7,0.636
452,Cabo Verde,2011,72.6,0.632
453,Cabo Verde,2010,72.5,0.627
454,Cabo Verde,2009,72.4,0.621
455,Cabo Verde,2008,72.4,0.615
456,Cabo Verde,2007,72.3,0.602
457,Cabo Verde,2006,72.1,0.596
458,Cabo Verde,2005,71.8,0.5820000000000001
459,Cabo Verde,2004,71.4,0.574
460,Cabo Verde,2003,71.1,0.5720000000000001
461,Cabo Verde,2002,77.0,0.569
462,Cabo Verde,2001,73.0,0.562
463,Cabo Verde,2000,69.9,0.0
464,Cambodia,2015,68.7,0.5579999999999999
465,Cambodia,2014,68.3,0.5529999999999999
466,Cambodia,2013,67.8,0.546
467,Cambodia,2012,67.4,0.54
468,Cambodia,2011,67.0,0.5329999999999999
469,Cambodia,2010,66.6,0.519
470,Cambodia,2009,66.1,0.52
471,Cambodia,2008,65.6,0.511
472,Cambodia,2007,65.0,0.495
473,Cambodia,2006,64.1,0.483
474,Cambodia,2005,62.9,0.47
475,Cambodia,2004,61.5,0.45799999999999996
476,Cambodia,2003,63.0,0.445
477,Cambodia,2002,59.3,0.42700000000000005
478,Cambodia,2001,58.5,0.41200000000000003
479,Cambodia,2000,57.7,0.401
480,Cameroon,2015,57.3,0.514
481,Cameroon,2014,56.7,0.507
482,Cameroon,2013,56.4,0.501
483,Cameroon,2012,55.9,0.496
484,Cameroon,2011,55.6,0.486
485,Cameroon,2010,55.3,0.48
486,Cameroon,2009,54.8,0.473
487,Cameroon,2008,54.2,0.466
488,Cameroon,2007,53.6,0.456
489,Cameroon,2006,53.3,0.456
490,Cameroon,2005,52.8,0.456
491,Cameroon,2004,52.1,0.455
492,Cameroon,2003,51.8,0.452
493,Cameroon,2002,51.6,0.452
494,Cameroon,2001,51.5,0.43700000000000006
495,Cameroon,2000,51.4,0.433
496,Canada,2015,82.2,0.919
497,Canada,2014,82.0,0.912
498,Canada,2013,81.8,0.909
499,Canada,2012,81.6,0.907
500,Canada,2011,81.5,0.903
501,Canada,2010,81.2,0.898
502,Canada,2009,81.0,0.898
503,Canada,2008,87.0,0.897
504,Canada,2007,85.0,0.894
505,Canada,2006,85.0,0.8909999999999999
506,Canada,2005,81.0,0.8859999999999999
507,Canada,2004,80.0,0.8809999999999999
508,Canada,2003,79.7,0.877
509,Canada,2002,79.5,0.872
510,Canada,2001,79.4,0.867
511,Canada,2000,79.1,0.8640000000000001
512,Central African Republic,2015,52.5,0.34700000000000003
513,Central African Republic,2014,58.0,0.345
514,Central African Republic,2013,49.9,0.37
515,Central African Republic,2012,53.0,0.366
516,Central African Republic,2011,49.8,0.361
517,Central African Republic,2010,49.2,0.35200000000000004
518,Central African Republic,2009,48.6,0.345
519,Central African Republic,2008,47.6,0.33799999999999997
520,Central African Republic,2007,46.8,0.33
521,Central African Republic,2006,46.3,0.32299999999999995
522,Central African Republic,2005,45.9,0.319
523,Central African Republic,2004,45.7,0.315
524,Central African Republic,2003,45.7,0.316
525,Central African Republic,2002,45.6,0.315
526,Central African Republic,2001,45.6,0.314
527,Central African Republic,2000,46.0,0.312
528,Chad,2015,53.1,0.39399999999999996
529,Chad,2014,52.6,0.39
530,Chad,2013,52.2,0.387
531,Chad,2012,51.8,0.381
532,Chad,2011,51.6,0.37
533,Chad,2010,51.2,0.36
534,Chad,2009,57.0,0.34299999999999997
535,Chad,2008,49.6,0.33799999999999997
536,Chad,2007,49.4,0.306
537,Chad,2006,48.5,0.303
538,Chad,2005,48.6,0.306
539,Chad,2004,48.5,0.301
540,Chad,2003,48.4,0.284
541,Chad,2002,48.1,0.303
542,Chad,2001,48.0,0.3
543,Chad,2000,47.6,0.0
544,Chile,2015,85.0,0.845
545,Chile,2014,83.0,0.841
546,Chile,2013,81.0,0.831
547,Chile,2012,79.9,0.826
548,Chile,2011,79.8,0.82
549,Chile,2010,79.1,0.815
550,Chile,2009,79.3,0.816
551,Chile,2008,79.6,0.804
552,Chile,2007,78.9,0.797
553,Chile,2006,78.9,0.7959999999999999
554,Chile,2005,78.4,0.79
555,Chile,2004,78.0,0.7809999999999999
556,Chile,2003,77.9,0.775
557,Chile,2002,77.8,0.768
558,Chile,2001,77.3,0.7609999999999999
559,Chile,2000,77.3,0.755
560,China,2015,76.1,0.7340000000000001
561,China,2014,75.8,0.723
562,China,2013,75.6,0.713
563,China,2012,75.4,0.703
564,China,2011,75.2,0.7
565,China,2010,75.0,0.691
566,China,2009,74.9,0.682
567,China,2008,74.5,0.672
568,China,2007,74.4,0.659
569,China,2006,74.2,0.6459999999999999
570,China,2005,73.9,0.634
571,China,2004,73.5,0.622
572,China,2003,73.1,0.61
573,China,2002,72.7,0.6
574,China,2001,72.2,0.5920000000000001
575,China,2000,71.7,0.583
576,Colombia,2015,74.8,0.7240000000000001
577,Colombia,2014,74.6,0.72
578,Colombia,2013,74.4,0.7120000000000001
579,Colombia,2012,74.3,0.7070000000000001
580,Colombia,2011,74.2,0.7
581,Colombia,2010,73.6,0.695
582,Colombia,2009,73.6,0.691
583,Colombia,2008,73.5,0.6829999999999999
584,Colombia,2007,73.5,0.675
585,Colombia,2006,73.1,0.669
586,Colombia,2005,73.1,0.6579999999999999
587,Colombia,2004,72.8,0.6579999999999999
588,Colombia,2003,72.4,0.659
589,Colombia,2002,71.8,0.6559999999999999
590,Colombia,2001,71.5,0.653
591,Colombia,2000,71.4,0.65
592,Comoros,2015,63.5,0.498
593,Comoros,2014,63.2,0.49700000000000005
594,Comoros,2013,62.9,0.49
595,Comoros,2012,62.5,0.484
596,Comoros,2011,62.2,0.479
597,Comoros,2010,61.8,0.47600000000000003
598,Comoros,2009,61.3,0.465
599,Comoros,2008,61.0,0.461
600,Comoros,2007,66.0,0.45899999999999996
601,Comoros,2006,63.0,0.451
602,Comoros,2005,60.0,0.434
603,Comoros,2004,59.8,0.0
604,Comoros,2003,59.6,0.0
605,Comoros,2002,59.5,0.0
606,Comoros,2001,59.5,0.0
607,Comoros,2000,59.5,0.0
608,Congo,2015,64.7,0.59
609,Congo,2014,64.2,0.581
610,Congo,2013,63.9,0.5760000000000001
611,Congo,2012,63.7,0.557
612,Congo,2011,62.9,0.5579999999999999
613,Congo,2010,62.0,0.5479999999999999
614,Congo,2009,68.0,0.545
615,Congo,2008,59.4,0.527
616,Congo,2007,58.2,0.517
617,Congo,2006,56.9,0.507
618,Congo,2005,55.3,0.496
619,Congo,2004,54.1,0.49700000000000005
620,Congo,2003,53.2,0.49200000000000005
621,Congo,2002,52.6,0.488
622,Congo,2001,52.7,0.48700000000000004
623,Congo,2000,52.9,0.48700000000000004
625,Costa Rica,2015,79.6,0.775
626,Costa Rica,2014,79.5,0.768
627,Costa Rica,2013,79.4,0.762
628,Costa Rica,2012,79.2,0.758
629,Costa Rica,2011,79.0,0.752
630,Costa Rica,2010,78.1,0.7490000000000001
631,Costa Rica,2009,79.2,0.747
632,Costa Rica,2008,78.9,0.74
633,Costa Rica,2007,78.9,0.7340000000000001
634,Costa Rica,2006,78.0,0.727
635,Costa Rica,2005,78.6,0.723
636,Costa Rica,2004,77.7,0.7190000000000001
637,Costa Rica,2003,78.0,0.715
638,Costa Rica,2002,78.3,0.7120000000000001
639,Costa Rica,2001,77.5,0.708
640,Costa Rica,2000,77.6,0.7020000000000001
641,Croatia,2015,78.0,0.823
642,Croatia,2014,77.8,0.82
643,Croatia,2013,77.7,0.8170000000000001
644,Croatia,2012,77.1,0.815
645,Croatia,2011,77.0,0.8079999999999999
646,Croatia,2010,76.6,0.8029999999999999
647,Croatia,2009,76.3,0.8029999999999999
648,Croatia,2008,76.0,0.8
649,Croatia,2007,75.8,0.7929999999999999
650,Croatia,2006,75.9,0.7829999999999999
651,Croatia,2005,75.2,0.777
652,Croatia,2004,75.4,0.7709999999999999
653,Croatia,2003,74.7,0.765
654,Croatia,2002,74.8,0.759
655,Croatia,2001,74.9,0.7490000000000001
656,Croatia,2000,74.7,0.7390000000000001
657,Cuba,2015,79.1,0.773
658,Cuba,2014,79.0,0.772
659,Cuba,2013,78.7,0.773
660,Cuba,2012,78.7,0.778
661,Cuba,2011,78.8,0.78
662,Cuba,2010,78.0,0.784
663,Cuba,2009,78.1,0.782
664,Cuba,2008,77.9,0.7709999999999999
665,Cuba,2007,78.1,0.754
666,Cuba,2006,78.0,0.732
667,Cuba,2005,77.2,0.7190000000000001
668,Cuba,2004,77.3,0.705
669,Cuba,2003,77.4,0.6940000000000001
670,Cuba,2002,77.7,0.6920000000000001
671,Cuba,2001,76.7,0.6859999999999999
672,Cuba,2000,76.9,0.679
673,Cyprus,2015,85.0,0.8540000000000001
674,Cyprus,2014,83.0,0.85
675,Cyprus,2013,81.0,0.85
676,Cyprus,2012,80.0,0.85
677,Cyprus,2011,79.7,0.847
678,Cyprus,2010,79.5,0.853
679,Cyprus,2009,79.3,0.8490000000000001
680,Cyprus,2008,79.1,0.8440000000000001
681,Cyprus,2007,78.9,0.836
682,Cyprus,2006,78.8,0.8290000000000001
683,Cyprus,2005,78.7,0.826
684,Cyprus,2004,78.6,0.823
685,Cyprus,2003,78.5,0.815
686,Cyprus,2002,78.4,0.805
687,Cyprus,2001,78.2,0.8
688,Cyprus,2000,78.1,0.7979999999999999
737,Denmark,2015,86.0,0.9229999999999999
738,Denmark,2014,84.0,0.9259999999999999
739,Denmark,2013,81.0,0.924
740,Denmark,2012,80.0,0.922
741,Denmark,2011,79.7,0.91
742,Denmark,2010,79.2,0.9059999999999999
743,Denmark,2009,78.9,0.9059999999999999
744,Denmark,2008,78.8,0.9059999999999999
745,Denmark,2007,78.4,0.904
746,Denmark,2006,78.1,0.902
747,Denmark,2005,78.1,0.897
748,Denmark,2004,77.7,0.893
749,Denmark,2003,77.3,0.882
750,Denmark,2002,77.0,0.875
751,Denmark,2001,77.0,0.862
752,Denmark,2000,76.9,0.86
753,Djibouti,2015,63.5,0.47
754,Djibouti,2014,63.0,0.467
755,Djibouti,2013,62.7,0.46399999999999997
756,Djibouti,2012,62.2,0.46
757,Djibouti,2011,61.8,0.451
758,Djibouti,2010,61.3,0.441
759,Djibouti,2009,69.0,0.436
760,Djibouti,2008,62.0,0.42700000000000005
761,Djibouti,2007,59.8,0.41600000000000004
762,Djibouti,2006,59.1,0.405
763,Djibouti,2005,58.6,0.396
764,Djibouti,2004,58.1,0.38799999999999996
765,Djibouti,2003,58.0,0.37799999999999995
766,Djibouti,2002,57.9,0.37200000000000005
767,Djibouti,2001,57.7,0.363
768,Djibouti,2000,57.4,0.361
770,Dominican Republic,2015,73.9,0.718
771,Dominican Republic,2014,73.6,0.7120000000000001
772,Dominican Republic,2013,73.4,0.7090000000000001
773,Dominican Republic,2012,72.1,0.706
774,Dominican Republic,2011,73.1,0.703
775,Dominican Republic,2010,72.7,0.6970000000000001
776,Dominican Republic,2009,73.6,0.695
777,Dominican Republic,2008,73.3,0.6920000000000001
778,Dominican Republic,2007,72.9,0.685
779,Dominican Republic,2006,72.3,0.677
780,Dominican Republic,2005,69.7,0.6679999999999999
781,Dominican Republic,2004,69.3,0.6659999999999999
782,Dominican Republic,2003,73.0,0.665
783,Dominican Republic,2002,71.4,0.66
784,Dominican Republic,2001,71.2,0.6559999999999999
785,Dominican Republic,2000,72.0,0.6509999999999999
786,Ecuador,2015,76.2,0.7390000000000001
787,Ecuador,2014,76.0,0.737
788,Ecuador,2013,76.0,0.725
789,Ecuador,2012,75.5,0.7170000000000001
790,Ecuador,2011,75.3,0.71
791,Ecuador,2010,75.0,0.703
792,Ecuador,2009,75.1,0.7020000000000001
793,Ecuador,2008,74.6,0.698
794,Ecuador,2007,74.7,0.696
795,Ecuador,2006,74.4,0.693
796,Ecuador,2005,74.2,0.688
797,Ecuador,2004,74.4,0.682
798,Ecuador,2003,74.4,0.679
799,Ecuador,2002,73.6,0.675
800,Ecuador,2001,73.4,0.67
801,Ecuador,2000,72.8,0.6679999999999999
802,Egypt,2015,79.0,0.688
803,Egypt,2014,78.0,0.6859999999999999
804,Egypt,2013,79.0,0.6809999999999999
805,Egypt,2012,72.0,0.6729999999999999
806,Egypt,2011,74.0,0.6709999999999999
807,Egypt,2010,70.0,0.665
808,Egypt,2009,69.9,0.659
809,Egypt,2008,69.8,0.6509999999999999
810,Egypt,2007,69.7,0.644
811,Egypt,2006,69.5,0.636
812,Egypt,2005,69.4,0.629
813,Egypt,2004,69.0,0.623
814,Egypt,2003,68.6,0.621
815,Egypt,2002,68.7,0.617
816,Egypt,2001,68.6,0.612
817,Egypt,2000,68.8,0.606
818,El Salvador,2015,73.5,0.6779999999999999
819,El Salvador,2014,73.3,0.6759999999999999
820,El Salvador,2013,73.0,0.675
821,El Salvador,2012,73.0,0.67
822,El Salvador,2011,72.0,0.6659999999999999
823,El Salvador,2010,72.0,0.662
824,El Salvador,2009,71.4,0.662
825,El Salvador,2008,71.7,0.659
826,El Salvador,2007,71.2,0.657
827,El Salvador,2006,75.0,0.6509999999999999
828,El Salvador,2005,71.0,0.644
829,El Salvador,2004,70.0,0.636
830,El Salvador,2003,69.9,0.628
831,El Salvador,2002,73.0,0.621
832,El Salvador,2001,68.9,0.615
833,El Salvador,2000,69.0,0.607
834,Equatorial Guinea,2015,58.2,0.5820000000000001
835,Equatorial Guinea,2014,57.9,0.5820000000000001
836,Equatorial Guinea,2013,57.4,0.586
837,Equatorial Guinea,2012,56.7,0.583
838,Equatorial Guinea,2011,56.2,0.58
839,Equatorial Guinea,2010,56.1,0.589
840,Equatorial Guinea,2009,55.7,0.59
841,Equatorial Guinea,2008,55.4,0.5920000000000001
842,Equatorial Guinea,2007,55.0,0.5870000000000001
843,Equatorial Guinea,2006,54.8,0.569
844,Equatorial Guinea,2005,54.4,0.563
845,Equatorial Guinea,2004,54.1,0.5529999999999999
846,Equatorial Guinea,2003,53.8,0.5539999999999999
847,Equatorial Guinea,2002,53.5,0.542
848,Equatorial Guinea,2001,53.1,0.527
849,Equatorial Guinea,2000,52.7,0.0
850,Eritrea,2015,64.7,0.418
851,Eritrea,2014,64.4,0.41600000000000004
852,Eritrea,2013,64.0,0.414
853,Eritrea,2012,63.6,0.41
854,Eritrea,2011,62.9,0.405
855,Eritrea,2010,62.1,0.40399999999999997
856,Eritrea,2009,61.4,0.402
857,Eritrea,2008,67.0,0.406
858,Eritrea,2007,62.0,0.405
859,Eritrea,2006,59.7,0.405
860,Eritrea,2005,59.4,0.0
861,Eritrea,2004,59.1,0.0
862,Eritrea,2003,58.8,0.0
863,Eritrea,2002,58.5,0.0
864,Eritrea,2001,58.1,0.0
865,Eritrea,2000,45.3,0.0
866,Estonia,2015,77.6,0.863
867,Estonia,2014,77.3,0.86
868,Estonia,2013,76.9,0.856
869,Estonia,2012,76.3,0.85
870,Estonia,2011,76.1,0.838
871,Estonia,2010,75.6,0.833
872,Estonia,2009,74.9,0.836
873,Estonia,2008,74.2,0.835
874,Estonia,2007,73.0,0.8290000000000001
875,Estonia,2006,73.0,0.8220000000000001
876,Estonia,2005,72.8,0.812
877,Estonia,2004,72.3,0.805
878,Estonia,2003,71.9,0.7979999999999999
879,Estonia,2002,71.2,0.7909999999999999
880,Estonia,2001,78.0,0.7809999999999999
881,Estonia,2000,78.0,0.764
882,Ethiopia,2015,64.8,0.441
883,Ethiopia,2014,64.2,0.435
884,Ethiopia,2013,63.7,0.42700000000000005
885,Ethiopia,2012,63.3,0.42200000000000004
886,Ethiopia,2011,62.6,0.41100000000000003
887,Ethiopia,2010,61.8,0.401
888,Ethiopia,2009,68.0,0.39299999999999996
889,Ethiopia,2008,59.8,0.37799999999999995
890,Ethiopia,2007,58.5,0.36200000000000004
891,Ethiopia,2006,57.2,0.34600000000000003
892,Ethiopia,2005,56.0,0.325
893,Ethiopia,2004,55.0,0.31
894,Ethiopia,2003,54.0,0.306
895,Ethiopia,2002,53.2,0.298
896,Ethiopia,2001,52.5,0.28300000000000003
897,Ethiopia,2000,51.2,0.0
898,Fiji,2015,69.9,0.7340000000000001
899,Fiji,2014,69.7,0.727
900,Fiji,2013,69.6,0.7190000000000001
901,Fiji,2012,69.4,0.7140000000000001
902,Fiji,2011,69.2,0.7090000000000001
903,Fiji,2010,69.1,0.706
904,Fiji,2009,68.9,0.7040000000000001
905,Fiji,2008,68.7,0.7
906,Fiji,2007,68.6,0.698
907,Fiji,2006,68.5,0.695
908,Fiji,2005,68.3,0.6990000000000001
909,Fiji,2004,68.1,0.691
910,Fiji,2003,68.0,0.6890000000000001
911,Fiji,2002,67.9,0.687
912,Fiji,2001,67.8,0.6829999999999999
913,Fiji,2000,67.7,0.6809999999999999
914,Finland,2015,81.1,0.893
915,Finland,2014,89.0,0.89
916,Finland,2013,87.0,0.887
917,Finland,2012,84.0,0.884
918,Finland,2011,83.0,0.878
919,Finland,2010,79.9,0.8740000000000001
920,Finland,2009,79.7,0.878
921,Finland,2008,79.6,0.8759999999999999
922,Finland,2007,79.3,0.873
923,Finland,2006,79.2,0.8690000000000001
924,Finland,2005,78.9,0.8640000000000001
925,Finland,2004,78.7,0.8690000000000001
926,Finland,2003,78.4,0.866
927,Finland,2002,78.1,0.863
928,Finland,2001,78.0,0.856
929,Finland,2000,77.5,0.847
930,France,2015,82.4,0.894
931,France,2014,82.2,0.89
932,France,2013,82.0,0.887
933,France,2012,81.5,0.885
934,France,2011,81.7,0.882
935,France,2010,81.3,0.879
936,France,2009,81.1,0.879
937,France,2008,89.0,0.877
938,France,2007,89.0,0.873
939,France,2006,86.0,0.87
940,France,2005,81.0,0.86
941,France,2004,82.0,0.857
942,France,2003,79.3,0.852
943,France,2002,79.2,0.851
944,France,2001,79.0,0.8490000000000001
945,France,2000,78.8,0.8440000000000001
946,Gabon,2015,66.0,0.6940000000000001
947,Gabon,2014,65.5,0.687
948,Gabon,2013,64.6,0.6779999999999999
949,Gabon,2012,63.5,0.669
950,Gabon,2011,62.8,0.664
951,Gabon,2010,62.3,0.66
952,Gabon,2009,61.7,0.652
953,Gabon,2008,61.6,0.6509999999999999
954,Gabon,2007,61.6,0.645
955,Gabon,2006,61.4,0.6459999999999999
956,Gabon,2005,65.0,0.64
957,Gabon,2004,59.7,0.64
958,Gabon,2003,59.7,0.638
959,Gabon,2002,59.7,0.636
960,Gabon,2001,59.8,0.633
961,Gabon,2000,61.0,0.637
962,Gambia,2015,61.1,0.45
963,Gambia,2014,68.0,0.449
964,Gambia,2013,66.0,0.445
965,Gambia,2012,62.0,0.44
966,Gambia,2011,59.8,0.441
967,Gambia,2010,59.3,0.439
968,Gambia,2009,59.0,0.434
969,Gambia,2008,58.7,0.426
970,Gambia,2007,58.5,0.42
971,Gambia,2006,58.2,0.415
972,Gambia,2005,57.7,0.41200000000000003
973,Gambia,2004,57.3,0.40399999999999997
974,Gambia,2003,57.0,0.395
975,Gambia,2002,56.6,0.392
976,Gambia,2001,56.3,0.384
977,Gambia,2000,55.9,0.377
978,Georgia,2015,74.4,0.768
979,Georgia,2014,74.5,0.759
980,Georgia,2013,74.5,0.755
981,Georgia,2012,74.2,0.7490000000000001
982,Georgia,2011,73.9,0.742
983,Georgia,2010,73.8,0.738
984,Georgia,2009,73.2,0.7340000000000001
985,Georgia,2008,73.9,0.735
986,Georgia,2007,74.4,0.722
987,Georgia,2006,73.9,0.7140000000000001
988,Georgia,2005,73.9,0.703
989,Georgia,2004,72.3,0.6940000000000001
990,Georgia,2003,72.7,0.684
991,Georgia,2002,71.7,0.677
992,Georgia,2001,73.0,0.6729999999999999
993,Georgia,2000,71.8,0.0
994,Germany,2015,81.0,0.924
995,Germany,2014,89.0,0.92
996,Germany,2013,86.0,0.919
997,Germany,2012,86.0,0.9159999999999999
998,Germany,2011,85.0,0.912
999,Germany,2010,81.0,0.907
1000,Germany,2009,80.0,0.9059999999999999
1001,Germany,2008,79.9,0.903
1002,Germany,2007,79.8,0.898
1003,Germany,2006,79.6,0.892
1004,Germany,2005,79.2,0.884
1005,Germany,2004,79.1,0.877
1006,Germany,2003,78.5,0.872
1007,Germany,2002,78.4,0.867
1008,Germany,2001,78.3,0.86
1009,Germany,2000,78.0,0.855
1010,Ghana,2015,62.4,0.575
1011,Ghana,2014,62.1,0.5760000000000001
1012,Ghana,2013,61.9,0.57
1013,Ghana,2012,61.6,0.563
1014,Ghana,2011,61.2,0.5539999999999999
1015,Ghana,2010,69.0,0.547
1016,Ghana,2009,66.0,0.542
1017,Ghana,2008,63.0,0.53
1018,Ghana,2007,59.9,0.519
1019,Ghana,2006,59.4,0.51
1020,Ghana,2005,58.9,0.499
1021,Ghana,2004,58.3,0.491
1022,Ghana,2003,57.9,0.489
1023,Ghana,2002,57.6,0.484
1024,Ghana,2001,57.4,0.485
1025,Ghana,2000,57.2,0.48
1026,Greece,2015,81.0,0.865
1027,Greece,2014,88.0,0.862
1028,Greece,2013,86.0,0.86
1029,Greece,2012,84.0,0.858
1030,Greece,2011,85.0,0.86
1031,Greece,2010,83.0,0.8590000000000001
1032,Greece,2009,80.0,0.857
1033,Greece,2008,79.9,0.853
1034,Greece,2007,79.4,0.855
1035,Greece,2006,79.7,0.85
1036,Greece,2005,79.3,0.8390000000000001
1037,Greece,2004,79.2,0.83
1038,Greece,2003,79.1,0.823
1039,Greece,2002,79.0,0.8109999999999999
1040,Greece,2001,78.7,0.8009999999999999
1041,Greece,2000,78.2,0.794
1042,Grenada,2015,73.6,0.7509999999999999
1043,Grenada,2014,73.5,0.7490000000000001
1044,Grenada,2013,73.3,0.746
1045,Grenada,2012,73.1,0.7440000000000001
1046,Grenada,2011,72.9,0.741
1047,Grenada,2010,72.6,0.0
1048,Grenada,2009,72.4,0.0
1049,Grenada,2008,72.1,0.0
1050,Grenada,2007,71.9,0.0
1051,Grenada,2006,71.7,0.0
1052,Grenada,2005,71.5,0.0
1053,Grenada,2004,73.0,0.0
1054,Grenada,2003,71.1,0.0
1055,Grenada,2002,79.0,0.0
1056,Grenada,2001,77.0,0.0
1057,Grenada,2000,74.0,0.0
1058,Guatemala,2015,71.9,0.637
1059,Guatemala,2014,71.7,0.614
1060,Guatemala,2013,71.4,0.611
1061,Guatemala,2012,71.3,0.616
1062,Guatemala,2011,71.1,0.609
1063,Guatemala,2010,77.0,0.602
1064,Guatemala,2009,76.0,0.596
1065,Guatemala,2008,79.0,0.589
1066,Guatemala,2007,75.0,0.578
1067,Guatemala,2006,69.7,0.57
1068,Guatemala,2005,69.2,0.5670000000000001
1069,Guatemala,2004,69.6,0.564
1070,Guatemala,2003,69.4,0.56
1071,Guatemala,2002,69.3,0.5529999999999999
1072,Guatemala,2001,68.4,0.546
1073,Guatemala,2000,67.7,0.539
1074,Guinea,2015,59.0,0.414
1075,Guinea,2014,58.1,0.41200000000000003
1076,Guinea,2013,58.8,0.406
1077,Guinea,2012,58.4,0.396
1078,Guinea,2011,58.1,0.385
1079,Guinea,2010,57.8,0.38
1080,Guinea,2009,57.3,0.376
1081,Guinea,2008,56.8,0.371
1082,Guinea,2007,56.4,0.364
1083,Guinea,2006,55.6,0.35600000000000004
1084,Guinea,2005,54.7,0.34600000000000003
1085,Guinea,2004,54.0,0.325
1086,Guinea,2003,53.3,0.33799999999999997
1087,Guinea,2002,52.9,0.32899999999999996
1088,Guinea,2001,52.5,0.322
1089,Guinea,2000,52.5,0.316
1090,Guinea-Bissau,2015,58.9,0.42100000000000004
1091,Guinea-Bissau,2014,58.4,0.419
1092,Guinea-Bissau,2013,58.1,0.415
1093,Guinea-Bissau,2012,57.6,0.41600000000000004
1094,Guinea-Bissau,2011,57.1,0.41
1095,Guinea-Bissau,2010,56.7,0.405
1096,Guinea-Bissau,2009,56.3,0.401
1097,Guinea-Bissau,2008,55.6,0.39799999999999996
1098,Guinea-Bissau,2007,55.0,0.39399999999999996
1099,Guinea-Bissau,2006,54.4,0.38799999999999996
1100,Guinea-Bissau,2005,53.9,0.0
1101,Guinea-Bissau,2004,53.5,0.0
1102,Guinea-Bissau,2003,53.0,0.0
1103,Guinea-Bissau,2002,52.8,0.0
1104,Guinea-Bissau,2001,52.5,0.0
1105,Guinea-Bissau,2000,52.1,0.0
1106,Guyana,2015,66.2,0.638
1107,Guyana,2014,66.0,0.636
1108,Guyana,2013,65.9,0.633
1109,Guyana,2012,65.8,0.63
1110,Guyana,2011,65.6,0.624
1111,Guyana,2010,65.9,0.618
1112,Guyana,2009,66.1,0.618
1113,Guyana,2008,66.3,0.618
1114,Guyana,2007,65.7,0.62
1115,Guyana,2006,65.2,0.622
1116,Guyana,2005,65.0,0.619
1117,Guyana,2004,65.1,0.613
1118,Guyana,2003,65.3,0.611
1119,Guyana,2002,65.3,0.609
1120,Guyana,2001,65.4,0.606
1121,Guyana,2000,65.4,0.602
1122,Haiti,2015,63.5,0.49
1123,Haiti,2014,63.1,0.48700000000000004
1124,Haiti,2013,62.7,0.483
1125,Haiti,2012,62.3,0.47700000000000004
1126,Haiti,2011,62.3,0.47
1127,Haiti,2010,36.3,0.47
1128,Haiti,2009,62.5,0.466
1129,Haiti,2008,62.1,0.462
1130,Haiti,2007,61.8,0.45799999999999996
1131,Haiti,2006,61.1,0.455
1132,Haiti,2005,65.0,0.452
1133,Haiti,2004,58.7,0.45
1134,Haiti,2003,59.7,0.447
1135,Haiti,2002,59.3,0.444
1136,Haiti,2001,58.9,0.44299999999999995
1137,Haiti,2000,58.6,0.439
1138,Honduras,2015,74.6,0.623
1139,Honduras,2014,74.5,0.618
1140,Honduras,2013,74.3,0.614
1141,Honduras,2012,74.1,0.614
1142,Honduras,2011,73.9,0.611
1143,Honduras,2010,73.6,0.606
1144,Honduras,2009,73.4,0.603
1145,Honduras,2008,73.2,0.597
1146,Honduras,2007,73.0,0.59
1147,Honduras,2006,72.8,0.583
1148,Honduras,2005,72.5,0.5770000000000001
1149,Honduras,2004,72.2,0.5710000000000001
1150,Honduras,2003,71.9,0.5660000000000001
1151,Honduras,2002,71.6,0.561
1152,Honduras,2001,71.3,0.557
1153,Honduras,2000,71.0,0.551
1154,Hungary,2015,75.8,0.8340000000000001
1155,Hungary,2014,75.6,0.8340000000000001
1156,Hungary,2013,75.5,0.8240000000000001
1157,Hungary,2012,75.0,0.823
1158,Hungary,2011,74.8,0.821
1159,Hungary,2010,74.5,0.8170000000000001
1160,Hungary,2009,74.2,0.816
1161,Hungary,2008,74.1,0.812
1162,Hungary,2007,73.5,0.809
1163,Hungary,2006,73.4,0.802
1164,Hungary,2005,72.9,0.795
1165,Hungary,2004,72.9,0.7929999999999999
1166,Hungary,2003,72.5,0.784
1167,Hungary,2002,72.5,0.775
1168,Hungary,2001,72.3,0.769
1169,Hungary,2000,71.7,0.7609999999999999
1170,Iceland,2015,82.7,0.919
1171,Iceland,2014,82.5,0.915
1172,Iceland,2013,82.4,0.907
1173,Iceland,2012,82.5,0.9009999999999999
1174,Iceland,2011,82.1,0.894
1175,Iceland,2010,81.8,0.894
1176,Iceland,2009,81.6,0.894
1177,Iceland,2008,81.4,0.892
1178,Iceland,2007,81.3,0.887
1179,Iceland,2006,81.1,0.884
1180,Iceland,2005,81.0,0.879
1181,Iceland,2004,88.0,0.873
1182,Iceland,2003,87.0,0.866
1183,Iceland,2002,84.0,0.8590000000000001
1184,Iceland,2001,80.0,0.8540000000000001
1185,Iceland,2000,79.7,0.847
1186,India,2015,68.3,0.615
1187,India,2014,68.0,0.607
1188,India,2013,67.6,0.599
1189,India,2012,67.3,0.59
1190,India,2011,66.8,0.58
1191,India,2010,66.4,0.569
1192,India,2009,66.0,0.563
1193,India,2008,65.5,0.556
1194,India,2007,65.2,0.546
1195,India,2006,64.8,0.536
1196,India,2005,64.4,0.526
1197,India,2004,64.0,0.518
1198,India,2003,63.7,0.505
1199,India,2002,63.3,0.499
1200,India,2001,62.9,0.494
1201,India,2000,62.5,0.489
1202,Indonesia,2015,69.1,0.6859999999999999
1203,Indonesia,2014,68.9,0.682
1204,Indonesia,2013,68.7,0.677
1205,Indonesia,2012,68.5,0.669
1206,Indonesia,2011,68.3,0.662
1207,Indonesia,2010,68.1,0.6559999999999999
1208,Indonesia,2009,67.9,0.645
1209,Indonesia,2008,67.7,0.6409999999999999
1210,Indonesia,2007,67.5,0.638
1211,Indonesia,2006,67.3,0.632
1212,Indonesia,2005,67.2,0.629
1213,Indonesia,2004,65.3,0.624
1214,Indonesia,2003,66.9,0.613
1215,Indonesia,2002,66.7,0.608
1216,Indonesia,2001,66.5,0.604
1217,Indonesia,2000,66.3,0.597
1218,Iran (Islamic Republic of),2015,75.5,0.774
1219,Iran (Islamic Republic of),2014,75.4,0.77
1220,Iran (Islamic Republic of),2013,75.3,0.769
1221,Iran (Islamic Republic of),2012,75.1,0.755
1222,Iran (Islamic Republic of),2011,74.7,0.745
1223,Iran (Islamic Republic of),2010,74.1,0.735
1224,Iran (Islamic Republic of),2009,73.3,0.728
1225,Iran (Islamic Republic of),2008,72.7,0.716
1226,Iran (Islamic Republic of),2007,72.4,0.7040000000000001
1227,Iran (Islamic Republic of),2006,72.2,0.6920000000000001
1228,Iran (Islamic Republic of),2005,72.0,0.687
1229,Iran (Islamic Republic of),2004,71.8,0.6859999999999999
1230,Iran (Islamic Republic of),2003,75.0,0.679
1231,Iran (Islamic Republic of),2002,71.2,0.674
1232,Iran (Islamic Republic of),2001,78.0,0.6659999999999999
1233,Iran (Islamic Republic of),2000,73.0,0.66
1234,Iraq,2015,68.9,0.649
1235,Iraq,2014,67.9,0.6579999999999999
1236,Iraq,2013,69.5,0.659
1237,Iraq,2012,76.0,0.6559999999999999
1238,Iraq,2011,77.0,0.649
1239,Iraq,2010,76.0,0.6459999999999999
1240,Iraq,2009,74.0,0.643
1241,Iraq,2008,69.3,0.638
1242,Iraq,2007,65.9,0.636
1243,Iraq,2006,64.7,0.631
1244,Iraq,2005,66.8,0.628
1245,Iraq,2004,67.2,0.603
1246,Iraq,2003,66.5,0.616
1247,Iraq,2002,74.0,0.614
1248,Iraq,2001,72.0,0.607
1249,Iraq,2000,70.0,0.603
1250,Ireland,2015,81.4,0.92
1251,Ireland,2014,81.2,0.91
1252,Ireland,2013,81.0,0.902
1253,Ireland,2012,85.0,0.895
1254,Ireland,2011,84.0,0.909
1255,Ireland,2010,86.0,0.907
1256,Ireland,2009,79.7,0.909
1257,Ireland,2008,79.8,0.9079999999999999
1258,Ireland,2007,79.5,0.902
1259,Ireland,2006,79.0,0.8959999999999999
1260,Ireland,2005,78.7,0.889
1261,Ireland,2004,78.3,0.88
1262,Ireland,2003,78.0,0.87
1263,Ireland,2002,77.4,0.862
1264,Ireland,2001,77.0,0.857
1265,Ireland,2000,76.4,0.848
1266,Israel,2015,82.5,0.898
1267,Israel,2014,82.2,0.895
1268,Israel,2013,82.1,0.8909999999999999
1269,Israel,2012,81.8,0.889
1270,Israel,2011,81.8,0.883
1271,Israel,2010,81.7,0.878
1272,Israel,2009,81.5,0.8759999999999999
1273,Israel,2008,81.0,0.877
1274,Israel,2007,84.0,0.872
1275,Israel,2006,84.0,0.87
1276,Israel,2005,80.0,0.866
1277,Israel,2004,81.0,0.863
1278,Israel,2003,79.7,0.863
1279,Israel,2002,79.3,0.855
1280,Israel,2001,79.3,0.85
1281,Israel,2000,78.9,0.845
1282,Italy,2015,82.7,0.8809999999999999
1283,Italy,2014,82.5,0.877
1284,Italy,2013,82.3,0.8759999999999999
1285,Italy,2012,82.0,0.877
1286,Italy,2011,82.0,0.872
1287,Italy,2010,81.8,0.8690000000000001
1288,Italy,2009,81.6,0.868
1289,Italy,2008,81.5,0.866
1290,Italy,2007,81.3,0.862
1291,Italy,2006,81.2,0.856
1292,Italy,2005,88.0,0.851
1293,Italy,2004,89.0,0.846
1294,Italy,2003,79.9,0.841
1295,Italy,2002,80.0,0.836
1296,Italy,2001,79.8,0.828
1297,Italy,2000,79.4,0.823
1298,Jamaica,2015,76.2,0.7290000000000001
1299,Jamaica,2014,75.8,0.727
1300,Jamaica,2013,75.6,0.727
1301,Jamaica,2012,75.3,0.725
1302,Jamaica,2011,75.2,0.722
1303,Jamaica,2010,75.0,0.721
1304,Jamaica,2009,74.7,0.721
1305,Jamaica,2008,74.5,0.718
1306,Jamaica,2007,74.2,0.7140000000000001
1307,Jamaica,2006,74.0,0.7090000000000001
1308,Jamaica,2005,73.5,0.706
1309,Jamaica,2004,73.3,0.6890000000000001
1310,Jamaica,2003,73.1,0.6940000000000001
1311,Jamaica,2002,73.0,0.69
1312,Jamaica,2001,72.7,0.68
1313,Jamaica,2000,72.6,0.682
1314,Japan,2015,83.7,0.902
1315,Japan,2014,83.5,0.899
1316,Japan,2013,83.5,0.894
1317,Japan,2012,83.3,0.889
1318,Japan,2011,82.5,0.884
1319,Japan,2010,83.0,0.879
1320,Japan,2009,83.0,0.8809999999999999
1321,Japan,2008,82.7,0.88
1322,Japan,2007,82.6,0.877
1323,Japan,2006,82.4,0.873
1324,Japan,2005,82.0,0.87
1325,Japan,2004,82.1,0.866
1326,Japan,2003,81.9,0.863
1327,Japan,2002,81.8,0.86
1328,Japan,2001,81.5,0.856
1329,Japan,2000,81.1,0.852
1330,Jordan,2015,74.1,0.741
1331,Jordan,2014,74.0,0.737
1332,Jordan,2013,73.9,0.737
1333,Jordan,2012,73.7,0.735
1334,Jordan,2011,73.6,0.737
1335,Jordan,2010,73.4,0.7390000000000001
1336,Jordan,2009,73.3,0.742
1337,Jordan,2008,73.1,0.7390000000000001
1338,Jordan,2007,73.0,0.736
1339,Jordan,2006,72.8,0.733
1340,Jordan,2005,72.4,0.73
1341,Jordan,2004,72.5,0.723
1342,Jordan,2003,72.3,0.7170000000000001
1343,Jordan,2002,72.1,0.7120000000000001
1344,Jordan,2001,71.9,0.706
1345,Jordan,2000,71.7,0.7
1346,Kazakhstan,2015,72.0,0.7929999999999999
1347,Kazakhstan,2014,69.9,0.789
1348,Kazakhstan,2013,69.5,0.782
1349,Kazakhstan,2012,69.1,0.774
1350,Kazakhstan,2011,68.5,0.7659999999999999
1351,Kazakhstan,2010,67.8,0.763
1352,Kazakhstan,2009,67.8,0.758
1353,Kazakhstan,2008,66.6,0.758
1354,Kazakhstan,2007,65.3,0.754
1355,Kazakhstan,2006,65.0,0.747
1356,Kazakhstan,2005,64.6,0.737
1357,Kazakhstan,2004,64.7,0.725
1358,Kazakhstan,2003,64.4,0.7140000000000001
1359,Kazakhstan,2002,64.7,0.7
1360,Kazakhstan,2001,64.4,0.685
1361,Kazakhstan,2000,63.9,0.6759999999999999
1362,Kenya,2015,63.4,0.55
1363,Kenya,2014,62.9,0.546
1364,Kenya,2013,62.6,0.541
1365,Kenya,2012,62.1,0.536
1366,Kenya,2011,61.2,0.53
1367,Kenya,2010,63.0,0.523
1368,Kenya,2009,59.1,0.514
1369,Kenya,2008,57.9,0.506
1370,Kenya,2007,56.8,0.494
1371,Kenya,2006,55.3,0.483
1372,Kenya,2005,54.1,0.474
1373,Kenya,2004,53.0,0.461
1374,Kenya,2003,52.4,0.45
1375,Kenya,2002,52.1,0.451
1376,Kenya,2001,51.9,0.447
1377,Kenya,2000,51.9,0.44799999999999995
1378,Kiribati,2015,66.3,0.586
1379,Kiribati,2014,66.1,0.597
1380,Kiribati,2013,65.8,0.589
1381,Kiribati,2012,65.7,0.581
1382,Kiribati,2011,65.5,0.585
1383,Kiribati,2010,65.3,0.584
1384,Kiribati,2009,65.2,0.5760000000000001
1385,Kiribati,2008,65.1,0.5720000000000001
1386,Kiribati,2007,65.0,0.574
1387,Kiribati,2006,65.0,0.5760000000000001
1388,Kiribati,2005,64.9,0.0
1389,Kiribati,2004,64.8,0.0
1390,Kiribati,2003,64.7,0.0
1391,Kiribati,2002,64.6,0.0
1392,Kiribati,2001,64.3,0.0
1393,Kiribati,2000,64.1,0.0
1394,Kuwait,2015,74.7,0.799
1395,Kuwait,2014,74.6,0.787
1396,Kuwait,2013,74.5,0.7959999999999999
1397,Kuwait,2012,74.3,0.794
1398,Kuwait,2011,74.2,0.792
1399,Kuwait,2010,74.0,0.79
1400,Kuwait,2009,73.9,0.7879999999999999
1401,Kuwait,2008,73.8,0.787
1402,Kuwait,2007,73.7,0.787
1403,Kuwait,2006,73.6,0.787
1404,Kuwait,2005,73.6,0.789
1405,Kuwait,2004,73.5,0.7909999999999999
1406,Kuwait,2003,73.4,0.7879999999999999
1407,Kuwait,2002,73.3,0.785
1408,Kuwait,2001,73.2,0.7859999999999999
1409,Kuwait,2000,73.2,0.7859999999999999
1410,Kyrgyzstan,2015,71.1,0.662
1411,Kyrgyzstan,2014,78.0,0.6559999999999999
1412,Kyrgyzstan,2013,77.0,0.647
1413,Kyrgyzstan,2012,69.9,0.638
1414,Kyrgyzstan,2011,69.4,0.632
1415,Kyrgyzstan,2010,68.8,0.631
1416,Kyrgyzstan,2009,68.5,0.629
1417,Kyrgyzstan,2008,67.6,0.624
1418,Kyrgyzstan,2007,67.2,0.618
1419,Kyrgyzstan,2006,66.7,0.613
1420,Kyrgyzstan,2005,66.9,0.612
1421,Kyrgyzstan,2004,67.1,0.609
1422,Kyrgyzstan,2003,66.6,0.602
1423,Kyrgyzstan,2002,66.7,0.601
1424,Kyrgyzstan,2001,67.2,0.593
1425,Kyrgyzstan,2000,66.6,0.586
1426,Lao People's Democratic Republic,2015,65.7,0.5820000000000001
1427,Lao People's Democratic Republic,2014,65.3,0.573
1428,Lao People's Democratic Republic,2013,64.9,0.563
1429,Lao People's Democratic Republic,2012,64.4,0.5539999999999999
1430,Lao People's Democratic Republic,2011,64.0,0.542
1431,Lao People's Democratic Republic,2010,63.6,0.535
1432,Lao People's Democratic Republic,2009,63.1,0.525
1433,Lao People's Democratic Republic,2008,62.6,0.518
1434,Lao People's Democratic Republic,2007,62.1,0.509
1435,Lao People's Democratic Republic,2006,61.5,0.503
1436,Lao People's Democratic Republic,2005,61.0,0.494
1437,Lao People's Democratic Republic,2004,64.0,0.485
1438,Lao People's Democratic Republic,2003,59.8,0.47700000000000004
1439,Lao People's Democratic Republic,2002,59.3,0.46799999999999997
1440,Lao People's Democratic Republic,2001,58.7,0.46299999999999997
1441,Lao People's Democratic Republic,2000,58.1,0.45899999999999996
1442,Latvia,2015,74.6,0.828
1443,Latvia,2014,74.4,0.8220000000000001
1444,Latvia,2013,74.1,0.8140000000000001
1445,Latvia,2012,73.8,0.812
1446,Latvia,2011,73.6,0.81
1447,Latvia,2010,72.8,0.815
1448,Latvia,2009,72.6,0.821
1449,Latvia,2008,71.9,0.8190000000000001
1450,Latvia,2007,78.0,0.8140000000000001
1451,Latvia,2006,75.0,0.807
1452,Latvia,2005,76.0,0.7909999999999999
1453,Latvia,2004,71.0,0.7759999999999999
1454,Latvia,2003,78.0,0.7609999999999999
1455,Latvia,2002,73.0,0.746
1456,Latvia,2001,69.9,0.728
1457,Latvia,2000,71.0,0.716
1458,Lebanon,2015,74.9,0.763
1459,Lebanon,2014,74.8,0.763
1460,Lebanon,2013,74.9,0.7659999999999999
1461,Lebanon,2012,75.0,0.763
1462,Lebanon,2011,75.0,0.758
1463,Lebanon,2010,74.9,0.752
1464,Lebanon,2009,74.7,0.746
1465,Lebanon,2008,74.5,0.74
1466,Lebanon,2007,74.4,0.731
1467,Lebanon,2006,74.1,0.733
1468,Lebanon,2005,73.9,0.0
1469,Lebanon,2004,73.7,0.0
1470,Lebanon,2003,73.5,0.0
1471,Lebanon,2002,73.2,0.0
1472,Lebanon,2001,73.0,0.0
1473,Lebanon,2000,72.7,0.0
1474,Lesotho,2015,53.7,0.495
1475,Lesotho,2014,52.1,0.491
1476,Lesotho,2013,52.1,0.484
1477,Lesotho,2012,52.2,0.479
1478,Lesotho,2011,52.3,0.469
1479,Lesotho,2010,51.1,0.46399999999999997
1480,Lesotho,2009,49.4,0.45299999999999996
1481,Lesotho,2008,47.8,0.447
1482,Lesotho,2007,46.2,0.44
1483,Lesotho,2006,45.3,0.43700000000000006
1484,Lesotho,2005,44.5,0.43700000000000006
1485,Lesotho,2004,44.8,0.439
1486,Lesotho,2003,45.5,0.44
1487,Lesotho,2002,46.4,0.446
1488,Lesotho,2001,47.8,0.44299999999999995
1489,Lesotho,2000,49.3,0.445
1490,Liberia,2015,61.4,0.42700000000000005
1491,Liberia,2014,58.1,0.426
1492,Liberia,2013,61.1,0.419
1493,Liberia,2012,67.0,0.41600000000000004
1494,Liberia,2011,62.0,0.406
1495,Liberia,2010,59.7,0.40299999999999997
1496,Liberia,2009,59.2,0.4
1497,Liberia,2008,58.6,0.39399999999999996
1498,Liberia,2007,57.9,0.38299999999999995
1499,Liberia,2006,56.7,0.377
1500,Liberia,2005,55.3,0.37200000000000005
1501,Liberia,2004,54.0,0.335
1502,Liberia,2003,50.0,0.373
1503,Liberia,2002,56.0,0.376
1504,Liberia,2001,51.5,0.386
1505,Liberia,2000,51.9,0.33799999999999997
1506,Libya,2015,72.7,0.7190000000000001
1507,Libya,2014,72.4,0.73
1508,Libya,2013,72.9,0.735
1509,Libya,2012,72.9,0.706
1510,Libya,2011,71.3,0.7559999999999999
1511,Libya,2010,72.8,0.755
1512,Libya,2009,72.7,0.757
1513,Libya,2008,72.6,0.757
1514,Libya,2007,72.5,0.7559999999999999
1515,Libya,2006,72.2,0.752
1516,Libya,2005,71.9,0.748
1517,Libya,2004,71.5,0.747
1518,Libya,2003,71.3,0.74
1519,Libya,2002,71.1,0.736
1520,Libya,2001,71.0,0.732
1521,Libya,2000,78.0,0.727
1522,Lithuania,2015,73.6,0.846
1523,Lithuania,2014,73.4,0.841
1524,Lithuania,2013,73.0,0.8340000000000001
1525,Lithuania,2012,73.0,0.83
1526,Lithuania,2011,72.8,0.826
1527,Lithuania,2010,72.4,0.8240000000000001
1528,Lithuania,2009,72.2,0.825
1529,Lithuania,2008,71.1,0.82
1530,Lithuania,2007,72.0,0.812
1531,Lithuania,2006,76.0,0.807
1532,Lithuania,2005,78.0,0.7979999999999999
1533,Lithuania,2004,71.6,0.792
1534,Lithuania,2003,71.6,0.78
1535,Lithuania,2002,71.4,0.77
1536,Lithuania,2001,71.2,0.757
1537,Lithuania,2000,71.6,0.745
1538,Luxembourg,2015,82.0,0.8959999999999999
1539,Luxembourg,2014,81.7,0.892
1540,Luxembourg,2013,81.4,0.892
1541,Luxembourg,2012,81.1,0.892
1542,Luxembourg,2011,88.0,0.894
1543,Luxembourg,2010,86.0,0.884
1544,Luxembourg,2009,83.0,0.888
1545,Luxembourg,2008,80.0,0.887
1546,Luxembourg,2007,79.7,0.877
1547,Luxembourg,2006,79.4,0.88
1548,Luxembourg,2005,78.8,0.8740000000000001
1549,Luxembourg,2004,78.7,0.867
1550,Luxembourg,2003,78.6,0.865
1551,Luxembourg,2002,78.3,0.86
1552,Luxembourg,2001,78.0,0.8540000000000001
1553,Luxembourg,2000,77.8,0.848
1554,Madagascar,2015,65.5,0.511
1555,Madagascar,2014,65.1,0.509
1556,Madagascar,2013,64.7,0.508
1557,Madagascar,2012,64.3,0.506
1558,Madagascar,2011,63.8,0.504
1559,Madagascar,2010,63.3,0.503
1560,Madagascar,2009,62.8,0.5
1561,Madagascar,2008,62.3,0.491
1562,Madagascar,2007,61.9,0.483
1563,Madagascar,2006,61.4,0.478
1564,Madagascar,2005,69.0,0.473
1565,Madagascar,2004,64.0,0.466
1566,Madagascar,2003,59.9,0.457
1567,Madagascar,2002,59.3,0.462
1568,Madagascar,2001,58.7,0.456
1569,Madagascar,2000,57.9,0.0
1570,Malawi,2015,58.3,0.473
1571,Malawi,2014,57.6,0.466
1572,Malawi,2013,56.7,0.45899999999999996
1573,Malawi,2012,55.3,0.45399999999999996
1574,Malawi,2011,54.1,0.444
1575,Malawi,2010,52.9,0.43
1576,Malawi,2009,51.5,0.415
1577,Malawi,2008,50.0,0.4
1578,Malawi,2007,48.5,0.387
1579,Malawi,2006,47.1,0.377
1580,Malawi,2005,46.0,0.371
1581,Malawi,2004,45.1,0.366
1582,Malawi,2003,44.6,0.36200000000000004
1583,Malawi,2002,44.0,0.38799999999999996
1584,Malawi,2001,43.5,0.387
1585,Malawi,2000,43.1,0.391
1586,Malaysia,2015,75.0,0.787
1587,Malaysia,2014,74.8,0.7829999999999999
1588,Malaysia,2013,74.6,0.779
1589,Malaysia,2012,74.5,0.7759999999999999
1590,Malaysia,2011,74.3,0.774
1591,Malaysia,2010,74.1,0.764
1592,Malaysia,2009,74.0,0.7559999999999999
1593,Malaysia,2008,73.8,0.747
1594,Malaysia,2007,73.7,0.736
1595,Malaysia,2006,73.6,0.732
1596,Malaysia,2005,73.4,0.7340000000000001
1597,Malaysia,2004,73.2,0.731
1598,Malaysia,2003,73.1,0.7240000000000001
1599,Malaysia,2002,72.9,0.723
1600,Malaysia,2001,72.7,0.725
1601,Malaysia,2000,72.4,0.715
1602,Maldives,2015,78.5,0.701
1603,Maldives,2014,78.2,0.693
1604,Maldives,2013,77.9,0.6829999999999999
1605,Maldives,2012,77.6,0.675
1606,Maldives,2011,77.3,0.6629999999999999
1607,Maldives,2010,76.7,0.653
1608,Maldives,2009,76.3,0.6509999999999999
1609,Maldives,2008,75.9,0.6409999999999999
1610,Maldives,2007,75.4,0.632
1611,Maldives,2006,75.0,0.622
1612,Maldives,2005,74.3,0.625
1613,Maldives,2004,73.4,0.617
1614,Maldives,2003,72.7,0.601
1615,Maldives,2002,71.8,0.597
1616,Maldives,2001,78.0,0.5870000000000001
1617,Maldives,2000,69.6,0.5770000000000001
1618,Mali,2015,58.2,0.43799999999999994
1619,Mali,2014,57.8,0.43
1620,Mali,2013,57.3,0.42100000000000004
1621,Mali,2012,57.2,0.41100000000000003
1622,Mali,2011,56.8,0.40399999999999997
1623,Mali,2010,56.5,0.396
1624,Mali,2009,56.0,0.385
1625,Mali,2008,55.5,0.36
1626,Mali,2007,55.0,0.363
1627,Mali,2006,54.3,0.35
1628,Mali,2005,53.6,0.33799999999999997
1629,Mali,2004,52.8,0.33299999999999996
1630,Mali,2003,52.0,0.318
1631,Mali,2002,51.2,0.308
1632,Mali,2001,55.0,0.297
1633,Mali,2000,49.8,0.29100000000000004
1634,Malta,2015,81.7,0.853
1635,Malta,2014,81.4,0.847
1636,Malta,2013,81.1,0.828
1637,Malta,2012,81.0,0.821
1638,Malta,2011,87.0,0.826
1639,Malta,2010,83.0,0.8190000000000001
1640,Malta,2009,82.0,0.815
1641,Malta,2008,80.0,0.813
1642,Malta,2007,79.6,0.8079999999999999
1643,Malta,2006,79.3,0.809
1644,Malta,2005,79.0,0.805
1645,Malta,2004,78.7,0.797
1646,Malta,2003,78.5,0.79
1647,Malta,2002,78.2,0.7859999999999999
1648,Malta,2001,77.8,0.7829999999999999
1649,Malta,2000,77.5,0.779
1651,Mauritania,2015,63.1,0.513
1652,Mauritania,2014,63.0,0.509
1653,Mauritania,2013,62.7,0.501
1654,Mauritania,2012,62.5,0.491
1655,Mauritania,2011,62.2,0.48700000000000004
1656,Mauritania,2010,62.0,0.484
1657,Mauritania,2009,61.7,0.47600000000000003
1658,Mauritania,2008,61.4,0.475
1659,Mauritania,2007,61.2,0.475
1660,Mauritania,2006,69.0,0.466
1661,Mauritania,2005,66.0,0.461
1662,Mauritania,2004,64.0,0.451
1663,Mauritania,2003,63.0,0.447
1664,Mauritania,2002,62.0,0.446
1665,Mauritania,2001,61.0,0.444
1666,Mauritania,2000,60.0,0.44299999999999995
1667,Mauritius,2015,74.6,0.779
1668,Mauritius,2014,74.2,0.769
1669,Mauritius,2013,74.1,0.765
1670,Mauritius,2012,73.9,0.7559999999999999
1671,Mauritius,2011,73.6,0.748
1672,Mauritius,2010,73.3,0.74
1673,Mauritius,2009,72.8,0.7340000000000001
1674,Mauritius,2008,72.7,0.728
1675,Mauritius,2007,72.9,0.72
1676,Mauritius,2006,71.8,0.713
1677,Mauritius,2005,72.1,0.7040000000000001
1678,Mauritius,2004,71.9,0.696
1679,Mauritius,2003,71.5,0.687
1680,Mauritius,2002,71.5,0.6829999999999999
1681,Mauritius,2001,71.5,0.6729999999999999
1682,Mauritius,2000,71.0,0.667
1683,Mexico,2015,76.7,0.758
1684,Mexico,2014,76.6,0.754
1685,Mexico,2013,76.6,0.753
1686,Mexico,2012,76.3,0.748
1687,Mexico,2011,76.1,0.745
1688,Mexico,2010,75.6,0.7390000000000001
1689,Mexico,2009,75.7,0.738
1690,Mexico,2008,75.6,0.735
1691,Mexico,2007,76.0,0.731
1692,Mexico,2006,75.8,0.723
1693,Mexico,2005,75.3,0.7190000000000001
1694,Mexico,2004,75.4,0.7140000000000001
1695,Mexico,2003,75.0,0.708
1696,Mexico,2002,75.0,0.703
1697,Mexico,2001,75.0,0.7
1698,Mexico,2000,74.8,0.6940000000000001
1699,Micronesia (Federated States of),2015,69.4,0.637
1700,Micronesia (Federated States of),2014,69.4,0.639
1701,Micronesia (Federated States of),2013,69.2,0.6409999999999999
1702,Micronesia (Federated States of),2012,69.0,0.64
1703,Micronesia (Federated States of),2011,68.9,0.638
1704,Micronesia (Federated States of),2010,68.7,0.633
1705,Micronesia (Federated States of),2009,68.5,0.629
1706,Micronesia (Federated States of),2008,68.4,0.628
1707,Micronesia (Federated States of),2007,68.2,0.625
1708,Micronesia (Federated States of),2006,68.0,0.622
1709,Micronesia (Federated States of),2005,67.9,0.617
1710,Micronesia (Federated States of),2004,67.7,0.616
1711,Micronesia (Federated States of),2003,67.5,0.612
1712,Micronesia (Federated States of),2002,66.2,0.608
1713,Micronesia (Federated States of),2001,67.2,0.604
1714,Micronesia (Federated States of),2000,67.0,0.0
1716,Mongolia,2015,68.8,0.733
1717,Mongolia,2014,68.4,0.7290000000000001
1718,Mongolia,2013,68.1,0.72
1719,Mongolia,2012,67.8,0.7120000000000001
1720,Mongolia,2011,67.3,0.701
1721,Mongolia,2010,66.3,0.693
1722,Mongolia,2009,66.9,0.6859999999999999
1723,Mongolia,2008,67.4,0.6729999999999999
1724,Mongolia,2007,65.9,0.6609999999999999
1725,Mongolia,2006,65.0,0.649
1726,Mongolia,2005,64.5,0.637
1727,Mongolia,2004,64.0,0.621
1728,Mongolia,2003,64.0,0.609
1729,Mongolia,2002,63.8,0.599
1730,Mongolia,2001,63.2,0.588
1731,Mongolia,2000,62.8,0.5820000000000001
1732,Montenegro,2015,76.1,0.804
1733,Montenegro,2014,75.9,0.8029999999999999
1734,Montenegro,2013,75.8,0.799
1735,Montenegro,2012,75.6,0.797
1736,Montenegro,2011,75.4,0.792
1737,Montenegro,2010,75.3,0.787
1738,Montenegro,2009,75.0,0.785
1739,Montenegro,2008,74.6,0.774
1740,Montenegro,2007,74.2,0.762
1741,Montenegro,2006,73.8,0.7509999999999999
1742,Montenegro,2005,73.6,0.746
1743,Montenegro,2004,73.5,0.74
1744,Montenegro,2003,73.5,0.0
1745,Montenegro,2002,73.4,0.0
1746,Montenegro,2001,73.3,0.0
1747,Montenegro,2000,73.0,0.0
1748,Morocco,2015,74.3,0.645
1749,Morocco,2014,74.1,0.64
1750,Morocco,2013,73.9,0.634
1751,Morocco,2012,73.6,0.623
1752,Morocco,2011,73.3,0.612
1753,Morocco,2010,72.8,0.603
1754,Morocco,2009,72.3,0.596
1755,Morocco,2008,71.8,0.589
1756,Morocco,2007,71.4,0.581
1757,Morocco,2006,71.0,0.575
1758,Morocco,2005,77.0,0.569
1759,Morocco,2004,72.0,0.561
1760,Morocco,2003,69.9,0.551
1761,Morocco,2002,69.5,0.54
1762,Morocco,2001,69.0,0.53
1763,Morocco,2000,68.6,0.519
1764,Mozambique,2015,57.6,0.414
1765,Mozambique,2014,56.7,0.409
1766,Mozambique,2013,55.3,0.405
1767,Mozambique,2012,54.8,0.4
1768,Mozambique,2011,54.3,0.397
1769,Mozambique,2010,54.0,0.39
1770,Mozambique,2009,53.8,0.382
1771,Mozambique,2008,53.2,0.37200000000000005
1772,Mozambique,2007,52.1,0.36
1773,Mozambique,2006,51.2,0.353
1774,Mozambique,2005,58.0,0.341
1775,Mozambique,2004,54.0,0.332
1776,Mozambique,2003,51.0,0.318
1777,Mozambique,2002,49.8,0.311
1778,Mozambique,2001,49.5,0.298
1779,Mozambique,2000,49.0,0.29100000000000004
1780,Myanmar,2015,66.6,0.552
1781,Myanmar,2014,66.4,0.547
1782,Myanmar,2013,66.2,0.54
1783,Myanmar,2012,65.9,0.5329999999999999
1784,Myanmar,2011,65.6,0.526
1785,Myanmar,2010,65.4,0.515
1786,Myanmar,2009,65.2,0.504
1787,Myanmar,2008,59.2,0.493
1788,Myanmar,2007,64.5,0.484
1789,Myanmar,2006,64.2,0.474
1790,Myanmar,2005,63.9,0.465
1791,Myanmar,2004,63.5,0.455
1792,Myanmar,2003,63.2,0.445
1793,Myanmar,2002,62.8,0.435
1794,Myanmar,2001,62.5,0.42700000000000005
1795,Myanmar,2000,62.1,0.41700000000000004
1796,Namibia,2015,65.8,0.637
1797,Namibia,2014,65.9,0.632
1798,Namibia,2013,66.1,0.625
1799,Namibia,2012,65.8,0.619
1800,Namibia,2011,64.3,0.612
1801,Namibia,2010,63.0,0.604
1802,Namibia,2009,62.4,0.598
1803,Namibia,2008,61.7,0.589
1804,Namibia,2007,60.0,0.578
1805,Namibia,2006,57.0,0.57
1806,Namibia,2005,55.1,0.565
1807,Namibia,2004,54.7,0.5589999999999999
1808,Namibia,2003,55.0,0.5539999999999999
1809,Namibia,2002,55.7,0.556
1810,Namibia,2001,56.5,0.556
1811,Namibia,2000,57.4,0.5589999999999999
1813,Nepal,2015,69.2,0.555
1814,Nepal,2014,69.6,0.551
1815,Nepal,2013,69.3,0.545
1816,Nepal,2012,68.9,0.5379999999999999
1817,Nepal,2011,68.4,0.529
1818,Nepal,2010,68.0,0.515
1819,Nepal,2009,67.5,0.502
1820,Nepal,2008,67.0,0.49200000000000005
1821,Nepal,2007,66.6,0.486
1822,Nepal,2006,66.0,0.47600000000000003
1823,Nepal,2005,65.4,0.469
1824,Nepal,2004,64.7,0.46299999999999997
1825,Nepal,2003,64.3,0.457
1826,Nepal,2002,63.1,0.447
1827,Nepal,2001,63.2,0.446
1828,Nepal,2000,62.5,0.439
1829,Netherlands,2015,81.9,0.9229999999999999
1830,Netherlands,2014,81.7,0.9229999999999999
1831,Netherlands,2013,81.4,0.922
1832,Netherlands,2012,81.1,0.9209999999999999
1833,Netherlands,2011,81.1,0.9109999999999999
1834,Netherlands,2010,88.0,0.9059999999999999
1835,Netherlands,2009,86.0,0.9059999999999999
1836,Netherlands,2008,83.0,0.905
1837,Netherlands,2007,82.0,0.899
1838,Netherlands,2006,79.8,0.893
1839,Netherlands,2005,79.4,0.888
1840,Netherlands,2004,79.2,0.885
1841,Netherlands,2003,78.7,0.8809999999999999
1842,Netherlands,2002,78.4,0.882
1843,Netherlands,2001,78.3,0.878
1844,Netherlands,2000,78.1,0.873
1845,New Zealand,2015,81.6,0.9129999999999999
1846,New Zealand,2014,81.5,0.91
1847,New Zealand,2013,81.3,0.9079999999999999
1848,New Zealand,2012,81.1,0.904
1849,New Zealand,2011,86.0,0.9009999999999999
1850,New Zealand,2010,89.0,0.899
1851,New Zealand,2009,85.0,0.895
1852,New Zealand,2008,81.0,0.894
1853,New Zealand,2007,81.0,0.8909999999999999
1854,New Zealand,2006,79.9,0.888
1855,New Zealand,2005,79.9,0.8859999999999999
1856,New Zealand,2004,79.2,0.884
1857,New Zealand,2003,79.1,0.8809999999999999
1858,New Zealand,2002,78.7,0.873
1859,New Zealand,2001,78.5,0.868
1860,New Zealand,2000,78.6,0.8640000000000001
1861,Nicaragua,2015,74.8,0.642
1862,Nicaragua,2014,74.5,0.636
1863,Nicaragua,2013,73.9,0.63
1864,Nicaragua,2012,73.9,0.625
1865,Nicaragua,2011,74.5,0.62
1866,Nicaragua,2010,73.2,0.614
1867,Nicaragua,2009,73.2,0.613
1868,Nicaragua,2008,72.5,0.607
1869,Nicaragua,2007,72.5,0.601
1870,Nicaragua,2006,73.0,0.597
1871,Nicaragua,2005,71.2,0.5920000000000001
1872,Nicaragua,2004,71.0,0.5870000000000001
1873,Nicaragua,2003,76.0,0.583
1874,Nicaragua,2002,75.0,0.5770000000000001
1875,Nicaragua,2001,73.0,0.57
1876,Nicaragua,2000,73.0,0.562
1877,Niger,2015,61.8,0.35100000000000003
1878,Niger,2014,61.4,0.345
1879,Niger,2013,69.0,0.341
1880,Niger,2012,63.0,0.331
1881,Niger,2011,59.4,0.32299999999999995
1882,Niger,2010,58.2,0.312
1883,Niger,2009,57.1,0.307
1884,Niger,2008,56.0,0.298
1885,Niger,2007,55.2,0.293
1886,Niger,2006,54.5,0.28600000000000003
1887,Niger,2005,53.7,0.278
1888,Niger,2004,52.9,0.27
1889,Niger,2003,52.1,0.266
1890,Niger,2002,51.4,0.261
1891,Niger,2001,56.0,0.255
1892,Niger,2000,50.0,0.253
1893,Nigeria,2015,54.5,0.525
1894,Nigeria,2014,53.6,0.521
1895,Nigeria,2013,53.2,0.514
1896,Nigeria,2012,52.7,0.507
1897,Nigeria,2011,52.3,0.5
1898,Nigeria,2010,52.0,0.49200000000000005
1899,Nigeria,2009,51.6,0.48700000000000004
1900,Nigeria,2008,59.0,0.48100000000000004
1901,Nigeria,2007,55.0,0.47700000000000004
1902,Nigeria,2006,49.8,0.466
1903,Nigeria,2005,49.2,0.46299999999999997
1904,Nigeria,2004,48.5,0.445
1905,Nigeria,2003,48.1,0.0
1906,Nigeria,2002,47.7,0.0
1907,Nigeria,2001,47.4,0.0
1908,Nigeria,2000,47.1,0.0
1910,Norway,2015,81.8,0.948
1911,Norway,2014,81.6,0.945
1912,Norway,2013,81.5,0.9420000000000001
1913,Norway,2012,81.3,0.941
1914,Norway,2011,81.1,0.9390000000000001
1915,Norway,2010,81.0,0.9359999999999999
1916,Norway,2009,89.0,0.9359999999999999
1917,Norway,2008,86.0,0.9359999999999999
1918,Norway,2007,85.0,0.934
1919,Norway,2006,84.0,0.9309999999999999
1920,Norway,2005,81.0,0.929
1921,Norway,2004,79.8,0.924
1922,Norway,2003,79.4,0.9179999999999999
1923,Norway,2002,78.9,0.9159999999999999
1924,Norway,2001,78.8,0.917
1925,Norway,2000,78.5,0.9109999999999999
1926,Oman,2015,76.6,0.795
1927,Oman,2014,76.4,0.7959999999999999
1928,Oman,2013,76.2,0.7959999999999999
1929,Oman,2012,76.0,0.797
1930,Oman,2011,75.8,0.797
1931,Oman,2010,75.6,0.797
1932,Oman,2009,75.4,0.782
1933,Oman,2008,75.2,0.765
1934,Oman,2007,74.9,0.753
1935,Oman,2006,74.7,0.748
1936,Oman,2005,74.3,0.742
1937,Oman,2004,74.0,0.7340000000000001
1938,Oman,2003,73.6,0.725
1939,Oman,2002,73.3,0.716
1940,Oman,2001,72.9,0.705
1941,Oman,2000,72.6,0.0
1942,Pakistan,2015,66.4,0.5479999999999999
1943,Pakistan,2014,66.2,0.542
1944,Pakistan,2013,66.0,0.5379999999999999
1945,Pakistan,2012,65.7,0.529
1946,Pakistan,2011,65.5,0.525
1947,Pakistan,2010,65.1,0.521
1948,Pakistan,2009,64.8,0.514
1949,Pakistan,2008,64.6,0.513
1950,Pakistan,2007,64.4,0.505
1951,Pakistan,2006,64.2,0.501
1952,Pakistan,2005,62.9,0.48700000000000004
1953,Pakistan,2004,63.7,0.474
1954,Pakistan,2003,63.5,0.465
1955,Pakistan,2002,63.2,0.457
1956,Pakistan,2001,63.0,0.45
1957,Pakistan,2000,62.8,0.445
1959,Panama,2015,77.8,0.785
1960,Panama,2014,77.6,0.78
1961,Panama,2013,77.5,0.773
1962,Panama,2012,77.2,0.765
1963,Panama,2011,77.3,0.758
1964,Panama,2010,76.5,0.7559999999999999
1965,Panama,2009,76.8,0.755
1966,Panama,2008,76.5,0.75
1967,Panama,2007,76.4,0.743
1968,Panama,2006,76.2,0.7440000000000001
1969,Panama,2005,75.8,0.74
1970,Panama,2004,75.8,0.733
1971,Panama,2003,75.5,0.728
1972,Panama,2002,75.7,0.725
1973,Panama,2001,75.5,0.721
1974,Panama,2000,75.7,0.716
1975,Papua New Guinea,2015,62.9,0.515
1976,Papua New Guinea,2014,62.7,0.511
1977,Papua New Guinea,2013,62.4,0.506
1978,Papua New Guinea,2012,62.2,0.501
1979,Papua New Guinea,2011,62.0,0.494
1980,Papua New Guinea,2010,61.8,0.485
1981,Papua New Guinea,2009,61.6,0.47700000000000004
1982,Papua New Guinea,2008,61.4,0.469
1983,Papua New Guinea,2007,61.1,0.461
1984,Papua New Guinea,2006,68.0,0.45399999999999996
1985,Papua New Guinea,2005,64.0,0.446
1986,Papua New Guinea,2004,59.9,0.439
1987,Papua New Guinea,2003,59.6,0.433
1988,Papua New Guinea,2002,59.3,0.428
1989,Papua New Guinea,2001,59.1,0.42200000000000004
1990,Papua New Guinea,2000,58.9,0.418
1991,Paraguay,2015,74.0,0.6920000000000001
1992,Paraguay,2014,73.9,0.688
1993,Paraguay,2013,73.8,0.679
1994,Paraguay,2012,73.6,0.679
1995,Paraguay,2011,73.4,0.675
1996,Paraguay,2010,73.2,0.664
1997,Paraguay,2009,73.0,0.6629999999999999
1998,Paraguay,2008,72.7,0.654
1999,Paraguay,2007,72.5,0.649
2000,Paraguay,2006,72.3,0.648
2001,Paraguay,2005,72.1,0.6459999999999999
2002,Paraguay,2004,71.9,0.639
2003,Paraguay,2003,71.7,0.642
2004,Paraguay,2002,71.5,0.632
2005,Paraguay,2001,71.2,0.624
2006,Paraguay,2000,79.0,0.625
2007,Peru,2015,75.5,0.737
2008,Peru,2014,75.3,0.735
2009,Peru,2013,75.3,0.731
2010,Peru,2012,74.9,0.725
2011,Peru,2011,74.5,0.721
2012,Peru,2010,73.7,0.708
2013,Peru,2009,73.8,0.706
2014,Peru,2008,73.9,0.7
2015,Peru,2007,74.0,0.696
2016,Peru,2006,74.2,0.693
2017,Peru,2005,72.8,0.6920000000000001
2018,Peru,2004,72.2,0.685
2019,Peru,2003,72.1,0.6859999999999999
2020,Peru,2002,72.6,0.6859999999999999
2021,Peru,2001,72.4,0.677
2022,Peru,2000,71.4,0.674
2023,Philippines,2015,68.5,0.679
2024,Philippines,2014,68.4,0.6759999999999999
2025,Philippines,2013,68.1,0.6709999999999999
2026,Philippines,2012,68.1,0.6659999999999999
2027,Philippines,2011,68.0,0.669
2028,Philippines,2010,67.9,0.662
2029,Philippines,2009,68.0,0.6609999999999999
2030,Philippines,2008,67.5,0.655
2031,Philippines,2007,67.5,0.648
2032,Philippines,2006,67.3,0.6459999999999999
2033,Philippines,2005,67.0,0.642
2034,Philippines,2004,67.3,0.636
2035,Philippines,2003,67.2,0.631
2036,Philippines,2002,66.8,0.625
2037,Philippines,2001,66.8,0.622
2038,Philippines,2000,66.8,0.618
2039,Poland,2015,77.5,0.852
2040,Poland,2014,77.3,0.85
2041,Poland,2013,77.1,0.838
2042,Poland,2012,76.8,0.8340000000000001
2043,Poland,2011,76.7,0.8290000000000001
2044,Poland,2010,76.3,0.8220000000000001
2045,Poland,2009,75.7,0.818
2046,Poland,2008,75.5,0.813
2047,Poland,2007,75.3,0.8079999999999999
2048,Poland,2006,75.2,0.8029999999999999
2049,Poland,2005,75.0,0.797
2050,Poland,2004,74.9,0.8
2051,Poland,2003,74.7,0.7959999999999999
2052,Poland,2002,74.5,0.79
2053,Poland,2001,74.2,0.784
2054,Poland,2000,73.7,0.777
2055,Portugal,2015,81.1,0.841
2056,Portugal,2014,89.0,0.8370000000000001
2057,Portugal,2013,86.0,0.8270000000000001
2058,Portugal,2012,83.0,0.8240000000000001
2059,Portugal,2011,82.0,0.818
2060,Portugal,2010,79.6,0.812
2061,Portugal,2009,79.3,0.809
2062,Portugal,2008,79.0,0.804
2063,Portugal,2007,78.7,0.797
2064,Portugal,2006,78.5,0.7929999999999999
2065,Portugal,2005,77.7,0.79
2066,Portugal,2004,78.0,0.792
2067,Portugal,2003,77.3,0.789
2068,Portugal,2002,77.2,0.7879999999999999
2069,Portugal,2001,76.9,0.782
2070,Portugal,2000,76.6,0.777
2071,Qatar,2015,78.2,0.855
2072,Qatar,2014,78.1,0.8540000000000001
2073,Qatar,2013,77.9,0.843
2074,Qatar,2012,77.8,0.8370000000000001
2075,Qatar,2011,77.5,0.8270000000000001
2076,Qatar,2010,77.3,0.825
2077,Qatar,2009,77.0,0.828
2078,Qatar,2008,76.8,0.825
2079,Qatar,2007,76.7,0.83
2080,Qatar,2006,76.6,0.835
2081,Qatar,2005,76.6,0.83
2082,Qatar,2004,76.6,0.826
2083,Qatar,2003,76.5,0.815
2084,Qatar,2002,76.4,0.807
2085,Qatar,2001,76.3,0.809
2086,Qatar,2000,76.2,0.8079999999999999
2119,Romania,2015,75.0,0.7979999999999999
2120,Romania,2014,74.8,0.797
2121,Romania,2013,74.6,0.794
2122,Romania,2012,74.4,0.797
2123,Romania,2011,74.3,0.7979999999999999
2124,Romania,2010,73.4,0.797
2125,Romania,2009,73.1,0.795
2126,Romania,2008,73.1,0.78
2127,Romania,2007,72.9,0.7659999999999999
2128,Romania,2006,72.5,0.755
2129,Romania,2005,71.9,0.745
2130,Romania,2004,71.7,0.733
2131,Romania,2003,71.1,0.722
2132,Romania,2002,77.0,0.7140000000000001
2133,Romania,2001,78.0,0.708
2134,Romania,2000,77.0,0.703
2135,Russian Federation,2015,75.0,0.805
2136,Russian Federation,2014,73.0,0.8029999999999999
2137,Russian Federation,2013,70.0,0.799
2138,Russian Federation,2012,69.6,0.792
2139,Russian Federation,2011,69.4,0.785
2140,Russian Federation,2010,68.4,0.773
2141,Russian Federation,2009,68.2,0.7759999999999999
2142,Russian Federation,2008,67.5,0.769
2143,Russian Federation,2007,67.3,0.7609999999999999
2144,Russian Federation,2006,66.4,0.754
2145,Russian Federation,2005,65.0,0.748
2146,Russian Federation,2004,64.9,0.741
2147,Russian Federation,2003,64.6,0.733
2148,Russian Federation,2002,64.8,0.727
2149,Russian Federation,2001,65.1,0.72
2150,Russian Federation,2000,65.0,0.7090000000000001
2151,Rwanda,2015,66.1,0.493
2152,Rwanda,2014,65.7,0.488
2153,Rwanda,2013,65.2,0.485
2154,Rwanda,2012,64.6,0.475
2155,Rwanda,2011,63.8,0.46399999999999997
2156,Rwanda,2010,62.8,0.45399999999999996
2157,Rwanda,2009,61.0,0.447
2158,Rwanda,2008,68.0,0.43799999999999994
2159,Rwanda,2007,59.6,0.424
2160,Rwanda,2006,57.6,0.40399999999999997
2161,Rwanda,2005,55.3,0.38799999999999996
2162,Rwanda,2004,53.4,0.371
2163,Rwanda,2003,52.0,0.359
2164,Rwanda,2002,57.0,0.34299999999999997
2165,Rwanda,2001,48.6,0.332
2166,Rwanda,2000,48.3,0.318
2168,Saint Lucia,2015,75.2,0.735
2169,Saint Lucia,2014,75.0,0.723
2170,Saint Lucia,2013,74.8,0.7340000000000001
2171,Saint Lucia,2012,74.7,0.735
2172,Saint Lucia,2011,74.6,0.733
2173,Saint Lucia,2010,74.2,0.7240000000000001
2174,Saint Lucia,2009,74.3,0.7170000000000001
2175,Saint Lucia,2008,74.1,0.71
2176,Saint Lucia,2007,73.9,0.7070000000000001
2177,Saint Lucia,2006,73.5,0.6940000000000001
2178,Saint Lucia,2005,73.1,0.6890000000000001
2179,Saint Lucia,2004,72.6,0.6859999999999999
2180,Saint Lucia,2003,72.2,0.684
2181,Saint Lucia,2002,72.0,0.6809999999999999
2182,Saint Lucia,2001,71.8,0.684
2183,Saint Lucia,2000,71.6,0.0
2184,Saint Vincent and the Grenadines,2015,73.2,0.72
2185,Saint Vincent and the Grenadines,2014,73.1,0.72
2186,Saint Vincent and the Grenadines,2013,72.7,0.7170000000000001
2187,Saint Vincent and the Grenadines,2012,72.8,0.713
2188,Saint Vincent and the Grenadines,2011,72.7,0.7120000000000001
2189,Saint Vincent and the Grenadines,2010,72.5,0.711
2190,Saint Vincent and the Grenadines,2009,72.3,0.7090000000000001
2191,Saint Vincent and the Grenadines,2008,72.1,0.7040000000000001
2192,Saint Vincent and the Grenadines,2007,71.9,0.7020000000000001
2193,Saint Vincent and the Grenadines,2006,71.7,0.695
2194,Saint Vincent and the Grenadines,2005,71.4,0.6920000000000001
2195,Saint Vincent and the Grenadines,2004,71.2,0.6890000000000001
2196,Saint Vincent and the Grenadines,2003,71.0,0.682
2197,Saint Vincent and the Grenadines,2002,79.0,0.677
2198,Saint Vincent and the Grenadines,2001,79.0,0.6729999999999999
2199,Saint Vincent and the Grenadines,2000,79.0,0.0
2200,Samoa,2015,74.0,0.7020000000000001
2201,Samoa,2014,73.8,0.701
2202,Samoa,2013,73.6,0.7
2203,Samoa,2012,73.2,0.698
2204,Samoa,2011,73.0,0.693
2205,Samoa,2010,72.6,0.69
2206,Samoa,2009,76.0,0.691
2207,Samoa,2008,72.5,0.688
2208,Samoa,2007,72.2,0.682
2209,Samoa,2006,72.0,0.677
2210,Samoa,2005,71.6,0.6709999999999999
2211,Samoa,2004,71.4,0.665
2212,Samoa,2003,79.0,0.659
2213,Samoa,2002,76.0,0.653
2214,Samoa,2001,75.0,0.645
2215,Samoa,2000,72.0,0.64
2217,Sao Tome and Principe,2015,67.5,0.565
2218,Sao Tome and Principe,2014,67.3,0.562
2219,Sao Tome and Principe,2013,67.1,0.5589999999999999
2220,Sao Tome and Principe,2012,66.9,0.5529999999999999
2221,Sao Tome and Principe,2011,66.6,0.546
2222,Sao Tome and Principe,2010,66.2,0.542
2223,Sao Tome and Principe,2009,65.8,0.5329999999999999
2224,Sao Tome and Principe,2008,65.4,0.531
2225,Sao Tome and Principe,2007,65.1,0.527
2226,Sao Tome and Principe,2006,64.7,0.521
2227,Sao Tome and Principe,2005,64.3,0.514
2228,Sao Tome and Principe,2004,63.8,0.509
2229,Sao Tome and Principe,2003,63.4,0.504
2230,Sao Tome and Principe,2002,63.1,0.501
2231,Sao Tome and Principe,2001,62.8,0.49700000000000005
2232,Sao Tome and Principe,2000,62.6,0.488
2233,Saudi Arabia,2015,74.5,0.845
2234,Saudi Arabia,2014,74.4,0.841
2235,Saudi Arabia,2013,74.3,0.83
2236,Saudi Arabia,2012,74.1,0.818
2237,Saudi Arabia,2011,73.9,0.804
2238,Saudi Arabia,2010,73.7,0.792
2239,Saudi Arabia,2009,73.4,0.787
2240,Saudi Arabia,2008,73.3,0.779
2241,Saudi Arabia,2007,73.2,0.773
2242,Saudi Arabia,2006,73.2,0.767
2243,Saudi Arabia,2005,73.1,0.7609999999999999
2244,Saudi Arabia,2004,73.1,0.754
2245,Saudi Arabia,2003,73.0,0.747
2246,Saudi Arabia,2002,72.9,0.745
2247,Saudi Arabia,2001,72.8,0.742
2248,Saudi Arabia,2000,72.6,0.737
2249,Senegal,2015,66.7,0.491
2250,Senegal,2014,66.4,0.483
2251,Senegal,2013,66.0,0.474
2252,Senegal,2012,65.6,0.46299999999999997
2253,Senegal,2011,64.9,0.455
2254,Senegal,2010,64.3,0.449
2255,Senegal,2009,63.5,0.444
2256,Senegal,2008,62.8,0.435
2257,Senegal,2007,62.1,0.425
2258,Senegal,2006,61.3,0.42200000000000004
2259,Senegal,2005,65.0,0.415
2260,Senegal,2004,59.7,0.408
2261,Senegal,2003,59.0,0.401
2262,Senegal,2002,58.4,0.397
2263,Senegal,2001,57.9,0.381
2264,Senegal,2000,57.5,0.37799999999999995
2265,Serbia,2015,75.6,0.775
2266,Serbia,2014,75.4,0.7709999999999999
2267,Serbia,2013,75.3,0.7659999999999999
2268,Serbia,2012,74.9,0.767
2269,Serbia,2011,74.6,0.757
2270,Serbia,2010,74.4,0.755
2271,Serbia,2009,74.1,0.754
2272,Serbia,2008,74.0,0.7490000000000001
2273,Serbia,2007,73.8,0.743
2274,Serbia,2006,73.6,0.7390000000000001
2275,Serbia,2005,73.0,0.73
2276,Serbia,2004,73.0,0.72
2277,Serbia,2003,73.0,0.715
2278,Serbia,2002,72.9,0.715
2279,Serbia,2001,73.1,0.7090000000000001
2280,Serbia,2000,72.6,0.7020000000000001
2281,Seychelles,2015,73.2,0.7809999999999999
2282,Seychelles,2014,73.0,0.7659999999999999
2283,Seychelles,2013,72.9,0.762
2284,Seychelles,2012,72.7,0.755
2285,Seychelles,2011,72.6,0.7440000000000001
2286,Seychelles,2010,72.4,0.74
2287,Seychelles,2009,72.3,0.7390000000000001
2288,Seychelles,2008,72.2,0.7390000000000001
2289,Seychelles,2007,72.2,0.733
2290,Seychelles,2006,72.2,0.728
2291,Seychelles,2005,72.2,0.7120000000000001
2292,Seychelles,2004,72.1,0.715
2293,Seychelles,2003,72.1,0.713
2294,Seychelles,2002,72.1,0.7120000000000001
2295,Seychelles,2001,72.0,0.7140000000000001
2296,Seychelles,2000,71.8,0.0
2297,Sierra Leone,2015,51.0,0.431
2298,Sierra Leone,2014,48.1,0.426
2299,Sierra Leone,2013,54.0,0.413
2300,Sierra Leone,2012,49.7,0.401
2301,Sierra Leone,2011,48.9,0.392
2302,Sierra Leone,2010,48.1,0.384
2303,Sierra Leone,2009,47.1,0.375
2304,Sierra Leone,2008,46.2,0.36700000000000005
2305,Sierra Leone,2007,45.3,0.35700000000000004
2306,Sierra Leone,2006,44.3,0.348
2307,Sierra Leone,2005,43.3,0.341
2308,Sierra Leone,2004,42.3,0.332
2309,Sierra Leone,2003,41.5,0.322
2310,Sierra Leone,2002,48.0,0.306
2311,Sierra Leone,2001,41.0,0.302
2312,Sierra Leone,2000,39.0,0.292
2313,Singapore,2015,83.1,0.924
2314,Singapore,2014,82.9,0.922
2315,Singapore,2013,82.7,0.92
2316,Singapore,2012,82.5,0.917
2317,Singapore,2011,82.2,0.9109999999999999
2318,Singapore,2010,82.0,0.889
2319,Singapore,2009,81.7,0.887
2320,Singapore,2008,81.4,0.88
2321,Singapore,2007,81.1,0.873
2322,Singapore,2006,87.0,0.8390000000000001
2323,Singapore,2005,82.0,0.821
2324,Singapore,2004,79.7,0.82
2325,Singapore,2003,79.3,0.8190000000000001
2326,Singapore,2002,79.0,0.818
2327,Singapore,2001,78.7,0.82
2328,Singapore,2000,78.3,0.81
2329,Slovakia,2015,76.7,0.8420000000000001
2330,Slovakia,2014,76.4,0.841
2331,Slovakia,2013,76.1,0.838
2332,Slovakia,2012,75.8,0.835
2333,Slovakia,2011,75.6,0.8290000000000001
2334,Slovakia,2010,75.1,0.8220000000000001
2335,Slovakia,2009,75.0,0.82
2336,Slovakia,2008,74.7,0.813
2337,Slovakia,2007,74.4,0.802
2338,Slovakia,2006,74.3,0.7929999999999999
2339,Slovakia,2005,74.0,0.784
2340,Slovakia,2004,74.1,0.7759999999999999
2341,Slovakia,2003,73.8,0.7709999999999999
2342,Slovakia,2002,73.7,0.763
2343,Slovakia,2001,73.3,0.763
2344,Slovakia,2000,73.0,0.7609999999999999
2345,Slovenia,2015,88.0,0.888
2346,Slovenia,2014,87.0,0.888
2347,Slovenia,2013,85.0,0.878
2348,Slovenia,2012,82.0,0.877
2349,Slovenia,2011,79.8,0.8759999999999999
2350,Slovenia,2010,79.5,0.872
2351,Slovenia,2009,79.1,0.873
2352,Slovenia,2008,78.9,0.8690000000000001
2353,Slovenia,2007,78.3,0.865
2354,Slovenia,2006,78.1,0.858
2355,Slovenia,2005,77.5,0.853
2356,Slovenia,2004,77.2,0.85
2357,Slovenia,2003,76.5,0.843
2358,Slovenia,2002,76.6,0.835
2359,Slovenia,2001,76.2,0.8240000000000001
2360,Slovenia,2000,76.0,0.818
2361,Solomon Islands,2015,69.2,0.514
2362,Solomon Islands,2014,68.8,0.512
2363,Solomon Islands,2013,68.8,0.509
2364,Solomon Islands,2012,68.7,0.505
2365,Solomon Islands,2011,68.5,0.49700000000000005
2366,Solomon Islands,2010,68.3,0.49200000000000005
2367,Solomon Islands,2009,68.1,0.494
2368,Solomon Islands,2008,68.0,0.489
2369,Solomon Islands,2007,67.6,0.48200000000000004
2370,Solomon Islands,2006,67.6,0.47
2371,Solomon Islands,2005,67.4,0.465
2372,Solomon Islands,2004,67.1,0.45899999999999996
2373,Solomon Islands,2003,66.8,0.45299999999999996
2374,Solomon Islands,2002,66.5,0.446
2375,Solomon Islands,2001,66.2,0.442
2376,Solomon Islands,2000,65.8,0.455
2393,South Africa,2015,62.9,0.665
2394,South Africa,2014,62.0,0.66
2395,South Africa,2013,69.0,0.652
2396,South Africa,2012,59.2,0.644
2397,South Africa,2011,58.9,0.638
2398,South Africa,2010,58.0,0.63
2399,South Africa,2009,56.5,0.622
2400,South Africa,2008,55.3,0.616
2401,South Africa,2007,54.5,0.612
2402,South Africa,2006,54.0,0.609
2403,South Africa,2005,53.8,0.609
2404,South Africa,2004,53.7,0.611
2405,South Africa,2003,54.0,0.613
2406,South Africa,2002,54.9,0.62
2407,South Africa,2001,56.0,0.629
2408,South Africa,2000,57.3,0.635
2409,South Sudan,2015,57.3,0.42100000000000004
2410,South Sudan,2014,56.6,0.42100000000000004
2411,South Sudan,2013,56.4,0.41700000000000004
2412,South Sudan,2012,56.0,0.419
2413,South Sudan,2011,55.4,0.429
2414,South Sudan,2010,55.0,0.0
2415,South Sudan,2009,54.3,0.0
2416,South Sudan,2008,53.6,0.0
2417,South Sudan,2007,53.1,0.0
2418,South Sudan,2006,52.5,0.0
2419,South Sudan,2005,51.9,0.0
2420,South Sudan,2004,51.4,0.0
2421,South Sudan,2003,58.0,0.0
2422,South Sudan,2002,52.0,0.0
2423,South Sudan,2001,49.6,0.0
2424,South Sudan,2000,48.9,0.0
2425,Spain,2015,82.8,0.882
2426,Spain,2014,82.6,0.877
2427,Spain,2013,82.4,0.8740000000000001
2428,Spain,2012,82.0,0.871
2429,Spain,2011,82.1,0.867
2430,Spain,2010,81.9,0.86
2431,Spain,2009,81.6,0.858
2432,Spain,2008,81.3,0.8540000000000001
2433,Spain,2007,89.0,0.8490000000000001
2434,Spain,2006,88.0,0.8440000000000001
2435,Spain,2005,81.0,0.8370000000000001
2436,Spain,2004,81.0,0.833
2437,Spain,2003,79.4,0.83
2438,Spain,2002,79.5,0.828
2439,Spain,2001,79.4,0.825
2440,Spain,2000,79.1,0.82
2441,Sri Lanka,2015,74.9,0.764
2442,Sri Lanka,2014,74.7,0.76
2443,Sri Lanka,2013,74.6,0.757
2444,Sri Lanka,2012,74.5,0.752
2445,Sri Lanka,2011,74.5,0.746
2446,Sri Lanka,2010,74.5,0.7390000000000001
2447,Sri Lanka,2009,71.8,0.735
2448,Sri Lanka,2008,72.3,0.731
2449,Sri Lanka,2007,73.7,0.725
2450,Sri Lanka,2006,73.8,0.718
2451,Sri Lanka,2005,74.2,0.7120000000000001
2452,Sri Lanka,2004,69.1,0.705
2453,Sri Lanka,2003,73.9,0.6970000000000001
2454,Sri Lanka,2002,73.7,0.6990000000000001
2455,Sri Lanka,2001,72.7,0.6859999999999999
2456,Sri Lanka,2000,71.5,0.677
2457,Sudan,2015,64.1,0.488
2458,Sudan,2014,63.8,0.485
2459,Sudan,2013,63.5,0.478
2460,Sudan,2012,63.2,0.46799999999999997
2461,Sudan,2011,62.7,0.46299999999999997
2462,Sudan,2010,62.5,0.461
2463,Sudan,2009,62.0,0.456
2464,Sudan,2008,61.8,0.444
2465,Sudan,2007,61.4,0.44
2466,Sudan,2006,61.0,0.43
2467,Sudan,2005,67.0,0.423
2468,Sudan,2004,59.7,0.415
2469,Sudan,2003,59.6,0.409
2470,Sudan,2002,59.4,0.40299999999999997
2471,Sudan,2001,58.9,0.39899999999999997
2472,Sudan,2000,58.6,0.39399999999999996
2473,Suriname,2015,71.6,0.723
2474,Suriname,2014,71.4,0.722
2475,Suriname,2013,71.2,0.7190000000000001
2476,Suriname,2012,71.3,0.708
2477,Suriname,2011,76.0,0.7040000000000001
2478,Suriname,2010,73.0,0.7
2479,Suriname,2009,70.0,0.696
2480,Suriname,2008,69.8,0.691
2481,Suriname,2007,69.5,0.684
2482,Suriname,2006,69.3,0.6779999999999999
2483,Suriname,2005,68.9,0.672
2484,Suriname,2004,68.3,0.0
2485,Suriname,2003,68.0,0.0
2486,Suriname,2002,67.9,0.0
2487,Suriname,2001,67.7,0.0
2488,Suriname,2000,67.4,0.0
2489,Swaziland,2015,58.9,0.541
2490,Swaziland,2014,58.4,0.541
2491,Swaziland,2013,57.6,0.539
2492,Swaziland,2012,56.5,0.534
2493,Swaziland,2011,55.0,0.526
2494,Swaziland,2010,53.6,0.523
2495,Swaziland,2009,52.6,0.519
2496,Swaziland,2008,51.4,0.514
2497,Swaziland,2007,50.0,0.508
2498,Swaziland,2006,47.8,0.502
2499,Swaziland,2005,46.0,0.495
2500,Swaziland,2004,45.6,0.49200000000000005
2501,Swaziland,2003,45.9,0.493
2502,Swaziland,2002,46.4,0.502
2503,Swaziland,2001,47.1,0.506
2504,Swaziland,2000,48.4,0.516
2505,Sweden,2015,82.4,0.909
2506,Sweden,2014,82.3,0.9059999999999999
2507,Sweden,2013,81.9,0.904
2508,Sweden,2012,81.7,0.903
2509,Sweden,2011,81.7,0.9009999999999999
2510,Sweden,2010,81.5,0.895
2511,Sweden,2009,81.4,0.898
2512,Sweden,2008,81.1,0.897
2513,Sweden,2007,89.0,0.895
2514,Sweden,2006,88.0,0.892
2515,Sweden,2005,85.0,0.89
2516,Sweden,2004,83.0,0.888
2517,Sweden,2003,82.0,0.882
2518,Sweden,2002,79.9,0.88
2519,Sweden,2001,79.8,0.877
2520,Sweden,2000,79.6,0.873
2521,Switzerland,2015,83.4,0.938
2522,Switzerland,2014,83.2,0.9359999999999999
2523,Switzerland,2013,83.0,0.934
2524,Switzerland,2012,82.7,0.932
2525,Switzerland,2011,82.6,0.932
2526,Switzerland,2010,82.3,0.92
2527,Switzerland,2009,82.1,0.9159999999999999
2528,Switzerland,2008,82.0,0.914
2529,Switzerland,2007,81.7,0.9109999999999999
2530,Switzerland,2006,81.5,0.904
2531,Switzerland,2005,81.1,0.899
2532,Switzerland,2004,81.0,0.895
2533,Switzerland,2003,85.0,0.889
2534,Switzerland,2002,84.0,0.89
2535,Switzerland,2001,82.0,0.888
2536,Switzerland,2000,79.7,0.879
2537,Syrian Arab Republic,2015,64.5,0.5529999999999999
2538,Syrian Arab Republic,2014,64.4,0.575
2539,Syrian Arab Republic,2013,63.6,0.635
2540,Syrian Arab Republic,2012,62.8,0.645
2541,Syrian Arab Republic,2011,71.7,0.6459999999999999
2542,Syrian Arab Republic,2010,73.7,0.65
2543,Syrian Arab Republic,2009,73.8,0.648
2544,Syrian Arab Republic,2008,73.8,0.6509999999999999
2545,Syrian Arab Republic,2007,73.8,0.644
2546,Syrian Arab Republic,2006,73.7,0.636
2547,Syrian Arab Republic,2005,73.5,0.624
2548,Syrian Arab Republic,2004,73.2,0.61
2549,Syrian Arab Republic,2003,73.0,0.599
2550,Syrian Arab Republic,2002,72.8,0.596
2551,Syrian Arab Republic,2001,72.7,0.589
2552,Syrian Arab Republic,2000,72.6,0.588
2553,Tajikistan,2015,69.7,0.625
2554,Tajikistan,2014,69.6,0.622
2555,Tajikistan,2013,69.3,0.617
2556,Tajikistan,2012,68.8,0.613
2557,Tajikistan,2011,68.1,0.608
2558,Tajikistan,2010,67.3,0.603
2559,Tajikistan,2009,66.7,0.601
2560,Tajikistan,2008,66.4,0.5920000000000001
2561,Tajikistan,2007,66.1,0.586
2562,Tajikistan,2006,65.9,0.579
2563,Tajikistan,2005,65.5,0.5720000000000001
2564,Tajikistan,2004,65.9,0.563
2565,Tajikistan,2003,65.2,0.5529999999999999
2566,Tajikistan,2002,64.3,0.5429999999999999
2567,Tajikistan,2001,64.0,0.535
2568,Tajikistan,2000,63.7,0.529
2569,Thailand,2015,74.9,0.738
2570,Thailand,2014,74.6,0.737
2571,Thailand,2013,74.5,0.733
2572,Thailand,2012,74.3,0.7290000000000001
2573,Thailand,2011,74.1,0.72
2574,Thailand,2010,73.9,0.711
2575,Thailand,2009,73.7,0.706
2576,Thailand,2008,73.5,0.7
2577,Thailand,2007,73.3,0.687
2578,Thailand,2006,73.0,0.6859999999999999
2579,Thailand,2005,72.5,0.682
2580,Thailand,2004,71.6,0.674
2581,Thailand,2003,71.7,0.6659999999999999
2582,Thailand,2002,71.4,0.657
2583,Thailand,2001,71.2,0.649
2584,Thailand,2000,71.1,0.64
2585,The former Yugoslav republic of Macedonia,2015,75.7,0.746
2586,The former Yugoslav republic of Macedonia,2014,75.5,0.743
2587,The former Yugoslav republic of Macedonia,2013,75.3,0.741
2588,The former Yugoslav republic of Macedonia,2012,75.1,0.7390000000000001
2589,The former Yugoslav republic of Macedonia,2011,74.9,0.735
2590,The former Yugoslav republic of Macedonia,2010,74.7,0.732
2591,The former Yugoslav republic of Macedonia,2009,74.4,0.73
2592,The former Yugoslav republic of Macedonia,2008,74.2,0.7140000000000001
2593,The former Yugoslav republic of Macedonia,2007,73.5,0.7090000000000001
2594,The former Yugoslav republic of Macedonia,2006,73.7,0.703
2595,The former Yugoslav republic of Macedonia,2005,73.6,0.0
2596,The former Yugoslav republic of Macedonia,2004,73.5,0.0
2597,The former Yugoslav republic of Macedonia,2003,73.2,0.0
2598,The former Yugoslav republic of Macedonia,2002,72.8,0.0
2599,The former Yugoslav republic of Macedonia,2001,73.1,0.0
2600,The former Yugoslav republic of Macedonia,2000,72.6,0.0
2601,Timor-Leste,2015,68.3,0.603
2602,Timor-Leste,2014,68.0,0.612
2603,Timor-Leste,2013,67.7,0.62
2604,Timor-Leste,2012,67.4,0.618
2605,Timor-Leste,2011,67.2,0.607
2606,Timor-Leste,2010,66.9,0.599
2607,Timor-Leste,2009,66.6,0.599
2608,Timor-Leste,2008,66.2,0.5660000000000001
2609,Timor-Leste,2007,65.8,0.541
2610,Timor-Leste,2006,64.9,0.511
2611,Timor-Leste,2005,63.7,0.49200000000000005
2612,Timor-Leste,2004,62.3,0.484
2613,Timor-Leste,2003,61.0,0.485
2614,Timor-Leste,2002,62.0,0.475
2615,Timor-Leste,2001,59.4,0.47
2616,Timor-Leste,2000,58.7,0.0
2617,Togo,2015,59.9,0.484
2618,Togo,2014,59.7,0.475
2619,Togo,2013,59.4,0.47
2620,Togo,2012,58.9,0.46399999999999997
2621,Togo,2011,58.3,0.457
2622,Togo,2010,57.4,0.449
2623,Togo,2009,56.7,0.442
2624,Togo,2008,56.2,0.441
2625,Togo,2007,55.9,0.44299999999999995
2626,Togo,2006,55.7,0.436
2627,Togo,2005,55.0,0.435
2628,Togo,2004,54.9,0.43200000000000005
2629,Togo,2003,54.7,0.428
2630,Togo,2002,54.7,0.428
2631,Togo,2001,54.6,0.426
2632,Togo,2000,54.6,0.425
2633,Tonga,2015,73.5,0.718
2634,Tonga,2014,73.3,0.716
2635,Tonga,2013,73.2,0.718
2636,Tonga,2012,73.0,0.7170000000000001
2637,Tonga,2011,72.9,0.7120000000000001
2638,Tonga,2010,72.8,0.7070000000000001
2639,Tonga,2009,72.5,0.703
2640,Tonga,2008,72.6,0.698
2641,Tonga,2007,72.5,0.698
2642,Tonga,2006,72.4,0.695
2643,Tonga,2005,72.3,0.6940000000000001
2644,Tonga,2004,72.2,0.693
2645,Tonga,2003,72.0,0.6829999999999999
2646,Tonga,2002,71.9,0.679
2647,Tonga,2001,71.8,0.674
2648,Tonga,2000,71.6,0.6759999999999999
2649,Trinidad and Tobago,2015,71.2,0.779
2650,Trinidad and Tobago,2014,71.1,0.778
2651,Trinidad and Tobago,2013,71.0,0.773
2652,Trinidad and Tobago,2012,78.0,0.772
2653,Trinidad and Tobago,2011,76.0,0.774
2654,Trinidad and Tobago,2010,74.0,0.772
2655,Trinidad and Tobago,2009,71.0,0.773
2656,Trinidad and Tobago,2008,69.9,0.767
2657,Trinidad and Tobago,2007,69.7,0.76
2658,Trinidad and Tobago,2006,69.6,0.7509999999999999
2659,Trinidad and Tobago,2005,69.5,0.745
2660,Trinidad and Tobago,2004,69.4,0.736
2661,Trinidad and Tobago,2003,69.3,0.7290000000000001
2662,Trinidad and Tobago,2002,69.2,0.721
2663,Trinidad and Tobago,2001,69.1,0.715
2664,Trinidad and Tobago,2000,69.1,0.7090000000000001
2665,Tunisia,2015,75.3,0.723
2666,Tunisia,2014,75.1,0.722
2667,Tunisia,2013,74.9,0.72
2668,Tunisia,2012,74.9,0.7170000000000001
2669,Tunisia,2011,74.8,0.7140000000000001
2670,Tunisia,2010,74.8,0.71
2671,Tunisia,2009,74.7,0.706
2672,Tunisia,2008,74.7,0.701
2673,Tunisia,2007,74.6,0.695
2674,Tunisia,2006,74.4,0.6890000000000001
2675,Tunisia,2005,74.2,0.6829999999999999
2676,Tunisia,2004,74.0,0.6729999999999999
2677,Tunisia,2003,73.7,0.667
2678,Tunisia,2002,73.5,0.662
2679,Tunisia,2001,73.2,0.654
2680,Tunisia,2000,72.9,0.6459999999999999
2681,Turkey,2015,75.8,0.764
2682,Turkey,2014,75.5,0.759
2683,Turkey,2013,75.2,0.754
2684,Turkey,2012,74.8,0.75
2685,Turkey,2011,74.5,0.737
2686,Turkey,2010,74.2,0.715
2687,Turkey,2009,73.9,0.7090000000000001
2688,Turkey,2008,73.5,0.705
2689,Turkey,2007,73.2,0.6970000000000001
2690,Turkey,2006,72.8,0.687
2691,Turkey,2005,72.4,0.6809999999999999
2692,Turkey,2004,72.0,0.675
2693,Turkey,2003,71.6,0.6679999999999999
2694,Turkey,2002,71.2,0.6579999999999999
2695,Turkey,2001,78.0,0.653
2696,Turkey,2000,74.0,0.6409999999999999
2697,Turkmenistan,2015,66.3,0.688
2698,Turkmenistan,2014,66.0,0.6829999999999999
2699,Turkmenistan,2013,65.4,0.6779999999999999
2700,Turkmenistan,2012,65.6,0.672
2701,Turkmenistan,2011,65.6,0.665
2702,Turkmenistan,2010,65.8,0.0
2703,Turkmenistan,2009,65.6,0.0
2704,Turkmenistan,2008,64.5,0.0
2705,Turkmenistan,2007,64.1,0.0
2706,Turkmenistan,2006,63.7,0.0
2707,Turkmenistan,2005,63.3,0.0
2708,Turkmenistan,2004,63.5,0.0
2709,Turkmenistan,2003,63.4,0.0
2710,Turkmenistan,2002,63.3,0.0
2711,Turkmenistan,2001,64.0,0.0
2712,Turkmenistan,2000,63.8,0.0
2714,Uganda,2015,62.3,0.488
2715,Uganda,2014,61.5,0.483
2716,Uganda,2013,67.0,0.478
2717,Uganda,2012,60.0,0.47700000000000004
2718,Uganda,2011,59.3,0.47700000000000004
2719,Uganda,2010,58.4,0.473
2720,Uganda,2009,57.5,0.46399999999999997
2721,Uganda,2008,56.3,0.45299999999999996
2722,Uganda,2007,55.5,0.442
2723,Uganda,2006,54.9,0.434
2724,Uganda,2005,53.2,0.429
2725,Uganda,2004,51.3,0.42700000000000005
2726,Uganda,2003,51.0,0.418
2727,Uganda,2002,48.8,0.40399999999999997
2728,Uganda,2001,47.7,0.396
2729,Uganda,2000,46.6,0.382
2730,Ukraine,2015,71.3,0.748
2731,Ukraine,2014,78.0,0.746
2732,Ukraine,2013,71.0,0.7440000000000001
2733,Ukraine,2012,77.0,0.7390000000000001
2734,Ukraine,2011,75.0,0.7340000000000001
2735,Ukraine,2010,69.8,0.728
2736,Ukraine,2009,69.2,0.7340000000000001
2737,Ukraine,2008,67.7,0.73
2738,Ukraine,2007,67.5,0.723
2739,Ukraine,2006,67.7,0.716
2740,Ukraine,2005,67.0,0.7070000000000001
2741,Ukraine,2004,67.4,0.7
2742,Ukraine,2003,67.6,0.691
2743,Ukraine,2002,67.6,0.6829999999999999
2744,Ukraine,2001,67.7,0.6729999999999999
2745,Ukraine,2000,67.5,0.669
2746,United Arab Emirates,2015,77.1,0.836
2747,United Arab Emirates,2014,76.9,0.8320000000000001
2748,United Arab Emirates,2013,76.7,0.8290000000000001
2749,United Arab Emirates,2012,76.5,0.826
2750,United Arab Emirates,2011,76.3,0.8240000000000001
2751,United Arab Emirates,2010,76.2,0.826
2752,United Arab Emirates,2009,76.0,0.831
2753,United Arab Emirates,2008,75.8,0.8290000000000001
2754,United Arab Emirates,2007,75.6,0.826
2755,United Arab Emirates,2006,75.4,0.823
2756,United Arab Emirates,2005,75.3,0.818
2757,United Arab Emirates,2004,75.1,0.813
2758,United Arab Emirates,2003,74.9,0.8079999999999999
2759,United Arab Emirates,2002,74.7,0.8029999999999999
2760,United Arab Emirates,2001,74.5,0.7979999999999999
2761,United Arab Emirates,2000,74.2,0.7909999999999999
2810,Uruguay,2015,77.0,0.794
2811,Uruguay,2014,76.8,0.7909999999999999
2812,Uruguay,2013,76.8,0.7879999999999999
2813,Uruguay,2012,76.5,0.784
2814,Uruguay,2011,77.0,0.78
2815,Uruguay,2010,76.3,0.777
2816,Uruguay,2009,76.6,0.774
2817,Uruguay,2008,76.4,0.77
2818,Uruguay,2007,75.4,0.76
2819,Uruguay,2006,76.2,0.7559999999999999
2820,Uruguay,2005,75.7,0.753
2821,Uruguay,2004,75.4,0.75
2822,Uruguay,2003,75.4,0.747
2823,Uruguay,2002,75.4,0.746
2824,Uruguay,2001,75.2,0.742
2825,Uruguay,2000,75.1,0.738
2826,Uzbekistan,2015,69.4,0.6970000000000001
2827,Uzbekistan,2014,69.2,0.69
2828,Uzbekistan,2013,69.1,0.6809999999999999
2829,Uzbekistan,2012,68.8,0.6729999999999999
2830,Uzbekistan,2011,68.5,0.664
2831,Uzbekistan,2010,68.3,0.657
2832,Uzbekistan,2009,68.0,0.6509999999999999
2833,Uzbekistan,2008,67.9,0.644
2834,Uzbekistan,2007,67.8,0.631
2835,Uzbekistan,2006,67.6,0.626
2836,Uzbekistan,2005,67.3,0.62
2837,Uzbekistan,2004,67.8,0.613
2838,Uzbekistan,2003,67.2,0.607
2839,Uzbekistan,2002,67.1,0.6
2840,Uzbekistan,2001,67.4,0.594
2841,Uzbekistan,2000,67.1,0.0
2842,Vanuatu,2015,72.0,0.598
2843,Vanuatu,2014,71.7,0.596
2844,Vanuatu,2013,71.6,0.591
2845,Vanuatu,2012,71.4,0.5920000000000001
2846,Vanuatu,2011,71.2,0.591
2847,Vanuatu,2010,71.0,0.59
2848,Vanuatu,2009,78.0,0.589
2849,Vanuatu,2008,75.0,0.5820000000000001
2850,Vanuatu,2007,73.0,0.579
2851,Vanuatu,2006,71.0,0.5720000000000001
2852,Vanuatu,2005,69.9,0.0
2853,Vanuatu,2004,69.6,0.0
2854,Vanuatu,2003,69.4,0.0
2855,Vanuatu,2002,69.3,0.0
2856,Vanuatu,2001,69.1,0.0
2857,Vanuatu,2000,69.0,0.0
2858,Venezuela (Bolivarian Republic of),2015,74.1,0.769
2859,Venezuela (Bolivarian Republic of),2014,73.9,0.7709999999999999
2860,Venezuela (Bolivarian Republic of),2013,73.8,0.77
2861,Venezuela (Bolivarian Republic of),2012,73.7,0.767
2862,Venezuela (Bolivarian Republic of),2011,73.8,0.7559999999999999
2863,Venezuela (Bolivarian Republic of),2010,73.7,0.754
2864,Venezuela (Bolivarian Republic of),2009,73.6,0.754
2865,Venezuela (Bolivarian Republic of),2008,73.2,0.745
2866,Venezuela (Bolivarian Republic of),2007,73.4,0.728
2867,Venezuela (Bolivarian Republic of),2006,73.6,0.7140000000000001
2868,Venezuela (Bolivarian Republic of),2005,73.6,0.7
2869,Venezuela (Bolivarian Republic of),2004,73.3,0.687
2870,Venezuela (Bolivarian Republic of),2003,72.4,0.688
2871,Venezuela (Bolivarian Republic of),2002,73.1,0.684
2872,Venezuela (Bolivarian Republic of),2001,72.5,0.672
2873,Venezuela (Bolivarian Republic of),2000,72.5,0.67
2874,Viet Nam,2015,76.0,0.6779999999999999
2875,Viet Nam,2014,75.9,0.675
2876,Viet Nam,2013,75.7,0.6679999999999999
2877,Viet Nam,2012,75.6,0.662
2878,Viet Nam,2011,75.4,0.655
2879,Viet Nam,2010,75.2,0.647
2880,Viet Nam,2009,75.0,0.6409999999999999
2881,Viet Nam,2008,74.9,0.633
2882,Viet Nam,2007,74.7,0.625
2883,Viet Nam,2006,74.6,0.618
2884,Viet Nam,2005,74.4,0.609
2885,Viet Nam,2004,74.2,0.601
2886,Viet Nam,2003,74.0,0.5920000000000001
2887,Viet Nam,2002,73.8,0.584
2888,Viet Nam,2001,73.6,0.5760000000000001
2889,Viet Nam,2000,73.4,0.569
2890,Yemen,2015,65.7,0.499
2891,Yemen,2014,65.4,0.5
2892,Yemen,2013,65.4,0.498
2893,Yemen,2012,64.7,0.494
2894,Yemen,2011,64.6,0.493
2895,Yemen,2010,64.4,0.488
2896,Yemen,2009,64.1,0.483
2897,Yemen,2008,63.8,0.48
2898,Yemen,2007,63.4,0.47700000000000004
2899,Yemen,2006,63.0,0.475
2900,Yemen,2005,62.6,0.47
2901,Yemen,2004,62.2,0.46399999999999997
2902,Yemen,2003,61.9,0.457
2903,Yemen,2002,61.5,0.45
2904,Yemen,2001,61.1,0.444
2905,Yemen,2000,68.0,0.436
2906,Zambia,2015,61.8,0.5760000000000001
2907,Zambia,2014,61.1,0.57
2908,Zambia,2013,63.0,0.565
2909,Zambia,2012,59.2,0.5539999999999999
2910,Zambia,2011,58.2,0.5429999999999999
2911,Zambia,2010,58.0,0.5329999999999999
2912,Zambia,2009,57.4,0.518
2913,Zambia,2008,55.7,0.504
2914,Zambia,2007,52.6,0.49200000000000005
2915,Zambia,2006,58.0,0.479
2916,Zambia,2005,49.3,0.467
2917,Zambia,2004,47.9,0.456
2918,Zambia,2003,46.4,0.44299999999999995
2919,Zambia,2002,45.5,0.433
2920,Zambia,2001,44.6,0.424
2921,Zambia,2000,43.8,0.418
2922,Zimbabwe,2015,67.0,0.507
2923,Zimbabwe,2014,59.2,0.498
2924,Zimbabwe,2013,58.0,0.488
2925,Zimbabwe,2012,56.6,0.46399999999999997
2926,Zimbabwe,2011,54.9,0.452
2927,Zimbabwe,2010,52.4,0.436
2928,Zimbabwe,2009,50.0,0.419
2929,Zimbabwe,2008,48.2,0.42100000000000004
2930,Zimbabwe,2007,46.6,0.414
2931,Zimbabwe,2006,45.4,0.408
2932,Zimbabwe,2005,44.6,0.406
2933,Zimbabwe,2004,44.3,0.40700000000000003
2934,Zimbabwe,2003,44.5,0.418
2935,Zimbabwe,2002,44.8,0.42700000000000005
2936,Zimbabwe,2001,45.3,0.42700000000000005
2937,Zimbabwe,2000,46.0,0.434
